THAT,643
THER,486
WITH,458
HERE,396
IGHT,342
THIN,320
GATS,263
ATSB,263
TSBY,263
HING,259
SOME,240
TION,236
EVER,235
SAID,234
OUGH,232
FROM,232
WERE,202
OULD,196
OVER,194
DAIS,186
AISY,186
MENT,182
LOOK,182
OUND,177
INTO,170
THEY,168
THIS,167
HAVE,159
ABOU,155
WHEN,153
BOUT,153
WHAT,153
NING,151
TING,151
THEN,145
ERED,143
AFTE,141
FTER,141
KING,139
UGHT,137
VERY,137
OTHE,137
LIKE,136
LONG,127
KNOW,124
TIME,124
DOWN,123
NDER,122
BACK,120
TTLE,117
THOU,117
CAME,115
HOUS,113
HAND,113
SIDE,112
FORE,108
OUSE,108
BEEN,107
JUST,107
ABLE,105
ATIO,105
LIGH,105
RESS,103
LITT,103
ITTL,103
RING,100
COME,100
RIED,100
WENT,99
ROOM,99
ALLY,98
WANT,97
DING,96
OMEN,96
TURN,95
TTER,94
OKED,94
LING,93
HEAR,92
WHER,91
ROUG,90
OOKE,90
BEFO,90
EFOR,90
UNDE,89
COUL,89
WARD,89
EYES,89
NIGH,89
NTLY,88
THEM,88
AGAI,88
GAIN,88
THRO,88
DIDN,86
LLED,86
AWAY,86
INTE,86
OING,86
EVEN,86
SELF,85
ANCE,85
NESS,84
HOUG,84
OMET,83
STAR,83
ROUN,83
LESS,82
MOME,79
STAN,78
YOUR,78
DOOR,78
MORE,77
WILS,77
ILSO,77
LSON,77
PRES,76
RNED,76
RIGH,76
WELL,76
PORT,76
HINK,76
CALL,76
ATHE,75
NEVE,75
GOIN,75
WOUL,75
PART,74
ORDA,74
RDAN,74
VING,73
NTED,73
FACE,73
ALON,73
JORD,73
SION,72
URNE,72
SSED,72
ATED,71
NOTH,71
AROU,71
NDED,70
OICE,70
GIRL,70
IOUS,69
ISTE,69
CHAN,69
VOIC,69
SING,68
METH,68
ETHI,68
NTER,68
APPE,67
LLOW,67
HROU,66
WHIC,65
HICH,65
NAME,65
STER,65
EACH,65
BODY,64
HEAD,64
PEOP,63
EOPL,63
OPLE,63
MADE,62
REST,62
TERN,62
ENCE,61
CONT,61
ONCE,61
YEAR,60
SHED,60
REAT,59
RAIN,59
LOVE,59
INED,58
ENTL,58
WIND,58
ARRI,58
PPED,58
TABL,58
YING,58
AUSE,57
THEI,57
HEIR,57
TELY,57
OVED,56
INST,55
STRA,55
OWAR,55
AUGH,55
FIRS,55
IRST,55
NGER,54
BECA,54
MOST,54
KNEW,54
SPOR,54
ONLY,53
LATE,53
EARS,52
STED,52
YTHI,52
TAND,52
MOVE,52
TOWA,52
NOON,52
OPEN,51
ENED,51
ATTE,51
ENTI,51
TERE,51
RIVE,51
ANGE,51
CHED,51
WHIL,51
HILE,51
EGAN,51
ULDN,51
RRIE,50
EATH,50
MINU,50
UNTI,50
WHIT,50
HITE,50
OUSL,50
USLY,50
IRED,50
HALF,50
OUNG,49
RNIN,49
CAUS,49
IONS,49
ESSI,49
INUT,49
NUTE,49
TOOK,49
BEGA,49
DDEN,49
YOUN,48
ERIN,48
MISS,48
TART,48
ASKE,48
WING,48
EARD,48
ENIN,48
COMP,48
REAL,47
FOUN,47
LAST,47
SENT,47
THRE,47
TAKE,47
EMAN,47
HOUR,47
ALLE,47
MBER,46
EAST,46
TAIN,46
DRES,46
SUDD,46
UDDE,46
LOCK,46
TOLD,45
ECAU,45
WEST,45
NTIL,45
INGS,45
ITED,45
HONE,45
HAIR,45
ARED,45
LOWE,45
ATER,44
SEEM,44
WALK,44
ESTI,44
ERNO,44
RNOO,44
AKIN,44
ANDS,44
WAIT,44
LEAS,43
READ,43
RTED,43
ICAL,43
SKED,43
STOR,43
HAPP,43
AINS,43
TTIN,43
IBLE,43
ENLY,43
THAN,42
PERS,42
INGL,42
FULL,42
ILLE,42
ARDE,42
ESSE,42
EMEN,42
TELL,42
ETTE,42
WAYS,41
SSIO,41
EEME,41
TALK,41
ALKE,41
LKED,41
LEFT,41
NDOW,41
TRAI,41
BAKE,41
AKER,41
ANDE,41
ELLO,41
OURS,41
DRIV,41
POLI,40
STIL,40
ESTE,40
GHTE,40
ROAD,40
NTEN,40
INDO,40
RANG,40
AINE,40
UPON,40
SIST,40
DENL,40
DERS,39
ANTE,39
CTED,39
NTIN,39
EMED,39
TREE,39
GARD,39
OKIN,39
INSI,39
WASN,39
GOOD,39
PENE,38
TURE,38
IDEN,38
TENT,38
INES,38
OTHI,38
HREE,38
ENDE,38
LONE,38
STOP,38
MUCH,38
DENT,38
RDEN,38
NDIN,38
LAUG,38
WORD,38
EMBE,37
LITY,37
TILL,37
RTAI,37
CTIO,37
ROKE,37
ETHE,37
SOUN,37
SMAL,37
ROSS,37
PHON,37
URSE,37
SURE,37
DARK,37
STEP,37
GEST,36
HOSE,36
GREE,36
SHOU,36
LANC,36
MALL,36
OOKI,36
NEXT,36
ANOT,36
FIVE,36
LWAY,35
STOO,35
USED,35
SUPP,35
BROK,35
ARTE,35
YORK,35
MUST,35
CEPT,35
LIVE,35
LACE,35
TATI,35
MING,35
CROS,35
UEST,35
LLIN,35
ASSE,35
REME,34
WORL,34
ORLD,34
ALWA,34
TOOD,34
CARE,34
SHOR,34
FAMI,34
AMIL,34
HANG,34
BREA,34
OWER,34
ELIE,34
PPEN,34
FRON,34
RONT,34
REMA,34
STRE,34
RESE,33
ALIT,33
HARD,33
ERTA,33
FORM,33
ENTE,33
ECTE,33
OMAN,33
AINT,33
OGET,33
ORNI,33
LEAV,33
RATE,33
THES,33
RAGE,33
CRIE,33
HOUT,33
OWED,33
NQUI,33
MSEL,33
SHIE,33
CONF,32
MARR,32
USIN,32
POSE,32
RIEN,32
TOGE,32
GETH,32
MAND,32
VELY,32
OUCH,32
ISED,32
INQU,32
SEVE,32
ERAL,32
CLOC,32
WOLF,32
OLFS,32
LFSH,32
FSHI,32
HIEM,32
MEMB,31
AVEN,31
MEAN,31
ORGE,31
MILE,31
FFIC,31
ARTI,31
TANT,31
MORN,31
SEEN,31
NCED,31
INGE,31
IMES,31
TCHE,31
EMEM,30
CONS,30
MATT,30
STIN,30
GIVE,30
LIFE,30
CLOS,30
TIES,30
HOUL,30
COUR,30
PLAC,30
PASS,30
GING,30
GLAN,30
ATCH,30
INCE,29
UALL,29
IVER,29
CERT,29
OUNT,29
FRIE,29
MONT,29
DERE,29
IVED,29
LIST,29
FORT,29
LIEV,29
PECT,29
ISHE,29
STEN,29
DDED,29
DEMA,29
DOES,29
OLLO,29
WHIS,29
LENT,29
FELL,29
HOME,29
GARA,29
ARAG,29
HIMS,29
IMSE,29
GREA,28
ENTS,28
FORG,28
CHIN,28
LOSE,28
ARRA,28
EREN,28
IEND,28
OPPE,28
RENT,28
PLAY,28
PING,28
MAKE,28
ANSW,28
NSWE,28
SWER,28
RYIN,28
IATE,28
QUIR,28
RTLE,28
LINE,27
OLLE,27
THOS,27
LAWN,27
ONEY,27
LAND,27
COLO,27
FACT,27
BELI,27
IEVE,27
ORCH,27
OUTH,27
LEAN,27
LDER,27
AVIN,27
WILL,27
ANTL,27
NICK,27
ANYT,27
NYTH,27
ICKE,27
ITHO,27
MIGH,27
GAVE,26
COMM,26
SERV,26
ERST,26
RIOU,26
OINT,26
TTEN,26
REAC,26
CARR,26
IVIN,26
TORY,26
USHE,26
ACRO,26
JECT,26
SLOW,26
FOLL,26
FOUR,26
ONTI,26
ATEL,26
UIRE,26
ABLY,26
AIRS,26
TEPS,26
CKED,26
POIN,25
SORT,25
NTIO,25
EART,25
ERYT,25
RYTH,25
EIGH,25
HALL,25
CITY,25
RATI,25
RATH,25
OFFI,25
NGLE,25
TICA,25
TOWN,25
OWIN,25
MMER,25
HIGH,25
ESID,25
BUCH,25
UCHA,25
HANA,25
ANAN,25
OMPL,25
VERA,25
HESE,25
STAT,25
SURP,25
PRIS,25
SPER,25
MARK,25
ONDE,25
WEEK,25
NGLY,25
PLEA,25
SANT,25
VENT,25
CONC,25
YELL,25
INDI,25
OCKE,25
BLIN,25
TIVE,24
PEAR,24
NCES,24
REVE,24
FELT,24
BOOK,24
ESEN,24
ANTI,24
FIND,24
PPOS,24
SPEC,24
ILED,24
FICE,24
CENT,24
RDER,24
SHIN,24
NISH,24
UTTE,24
TOPP,24
LIAR,24
TRAN,24
BETW,24
ETWE,24
TWEE,24
WEEN,24
REAS,24
HIRT,24
ROSE,24
NSID,24
RASS,24
BJEC,24
URPR,24
RPRI,24
QUES,24
EXCI,24
XCIT,24
EMAR,24
LKIN,24
TERR,24
CHAI,24
IMME,24
REET,24
RETT,24
GONE,24
RABL,23
ERSO,23
RSON,23
STIC,23
UGGE,23
ASTI,23
ACTI,23
CORN,23
RIES,23
RROW,23
UPPO,23
VERS,23
ONGE,23
EAVE,23
MONE,23
BESI,23
VENI,23
TELE,23
DOWS,23
ONTE,23
ITHE,23
ALMO,23
RISE,23
STIO,23
ROWN,23
MMED,23
MEDI,23
UNCH,23
OLIC,23
LICE,23
FEET,23
EXPL,23
STAI,23
SMIL,23
WIFE,23
MYRT,23
YRTL,23
SUAL,22
CURI,22
SLEE,22
SUGG,22
GGES,22
EMPT,22
CESS,22
SIVE,22
HORT,22
MINE,22
SINE,22
AYED,22
UNTE,22
TLES,22
RACT,22
IDEA,22
DAYS,22
WOMA,22
CONV,22
SUMM,22
ULLY,22
AMON,22
CHIC,22
ELEP,22
LEPH,22
EPHO,22
LMOS,22
OTTE,22
CITE,22
NGIN,22
TOMO,22
BLUE,22
FAIN,22
EASE,22
AITE,22
EADY,22
VERE,22
INVI,22
EARE,22
TRIE,22
ERHA,22
IRLS,22
MICH,22
ICHA,22
CHAE,22
HAEL,22
AELI,22
ELIS,22
URNI,21
QUIC,21
UICK,21
PPEA,21
EING,21
LEEP,21
TEMP,21
SUCH,21
ORRO,21
CIDE,21
RRIV,21
VILL,21
TLER,21
MILI,21
UMME,21
MONG,21
RWAR,21
ANDI,21
NGED,21
ORED,21
EITH,21
DRAW,21
PLAI,21
ASTE,21
RACE,21
WORK,21
UTLE,21
COLD,21
ELES,21
SIBL,21
ANTS,21
ROWD,21
ARTY,21
HADN,21
MANY,20
EALI,20
INIT,20
REAM,20
OSED,20
ITIO,20
FIFT,20
INAL,20
HERS,20
HELP,20
SSLY,20
ILIA,20
ULAR,20
EXCE,20
ITAT,20
ROVE,20
NNER,20
HICA,20
ICAG,20
CAGO,20
BAND,20
ACHE,20
IVEL,20
ULDE,20
RUPT,20
OLOR,20
LOWL,20
OWLY,20
NODD,20
ISPE,20
LAIN,20
TRYI,20
WOND,20
RECT,20
WATC,20
TINU,20
DIAT,20
BUTL,20
HUND,20
UNDR,20
GUES,20
TAIR,20
REEN,20
BETT,20
FORD,20
ITCH,20
PAST,20
HERI,20
CROW,20
GHTS,20
SATI,20
FEEL,19
URIO,19
ETER,19
HOST,19
MIST,19
ISTA,19
EXPR,19
XPRE,19
RRED,19
ENTA,19
NTIC,19
SCEN,19
WHOL,19
HOLE,19
COUN,19
ERSE,19
FINA,19
ACES,19
OOMS,19
DOZE,19
OZEN,19
SLAN,19
MOUS,19
NSTA,19
TANC,19
EXPE,19
CING,19
COAT,19
SPEA,19
PEAK,19
TOUC,19
OUTS,19
SHAD,19
SSES,19
WALL,19
DIST,19
ANED,19
LIPS,19
HISP,19
ABSO,19
DISC,19
UOUS,19
ETTI,19
SHAR,19
DISA,19
URED,19
EDIA,19
NDRE,19
DRED,19
ECTI,19
TATE,19
ASHE,19
SILE,19
ILEN,19
CHES,19
HEAT,19
VISI,19
ALKI,19
SUIT,19
AYIN,19
RSTA,19
HIND,19
PERH,19
RHAP,19
HAPS,19
NERA,18
MIND,18
ITSE,18
TSEL,18
OLIT,18
FINI,18
FECT,18
ONAL,18
TENE,18
IONA,18
INDE,18
MILY,18
ERAT,18
BUSI,18
PRIN,18
ORDE,18
ESSL,18
ININ,18
LITE,18
ISLA,18
OSIT,18
BOTH,18
ONFU,18
XCEP,18
ILLI,18
LENC,18
BROU,18
BRIG,18
THIR,18
MPLE,18
TERI,18
ONED,18
MURM,18
URMU,18
RMUR,18
ARKE,18
RKED,18
DROP,18
OMEB,18
MEBO,18
EBOD,18
FING,18
SITT,18
ITTI,18
COOL,18
NTRO,18
OESN,18
FLOW,18
AMED,18
HOOK,18
PRET,18
ATIN,18
CTOR,18
LUNC,18
ASSU,18
MCKE,18
CKEE,18
CIRC,18
BEHI,18
EHIN,18
ATUR,17
COLL,17
ISTI,17
CATE,17
DREA,17
ERES,17
FERE,17
YBOD,17
AUNT,17
NALL,17
EATE,17
NKIN,17
TMEN,17
ISIN,17
NEWS,17
ENDS,17
NFUS,17
ORWA,17
ITEL,17
ORNE,17
RNER,17
PERE,17
STAY,17
RINK,17
GREY,17
OVIN,17
GETT,17
NSIS,17
FFER,17
HURR,17
OLEN,17
ORDS,17
CHIL,17
SHOO,17
PAPE,17
APER,17
XPLA,17
CORR,17
CKET,17
PPER,17
TRAC,17
TARE,17
MYSE,17
YSEL,17
ERAB,16
LEGE,16
BEIN,16
ALIZ,16
IZED,16
SIGN,16
SSIN,16
REPE,16
COND,16
ERIE,16
PROM,16
CREA,16
OMIN,16
ENER,16
RAVE,16
MOVI,16
PULL,16
BOUG,16
MATI,16
PAIR,16
RUSH,16
ONTR,16
TEEN,16
ENOU,16
COVE,16
CHEE,16
GEOR,16
EORG,16
PORC,16
MOUT,16
ADDE,16
SAME,16
DEFI,16
TALI,16
DEEP,16
UTSI,16
TSID,16
OBJE,16
WOME,16
FLOO,16
ANCI,16
EANE,16
ODDE,16
DIFF,16
NCRE,16
LASS,16
ERLY,16
GERS,16
ISAP,16
SAPP,16
KEPT,16
ETTY,16
HTER,16
LREA,16
ARGE,16
LDIN,16
DELI,16
CATH,16
AMES,16
ESSA,16
ARIN,16
SSUR,16
COUP,16
ANTA,15
ICAT,15
ERVE,15
NORM,15
WILD,15
TERM,15
NITE,15
SITI,15
MISE,15
IMPR,15
MPRE,15
WARM,15
REED,15
BEAT,15
ONTH,15
RSEL,15
NNIN,15
POOL,15
EALL,15
DROV,15
INNE,15
HUSB,15
USBA,15
SBAN,15
NOUG,15
SIGH,15
NICE,15
NOSE,15
MAIN,15
GRAS,15
LETE,15
CTUR,15
LOOR,15
OTIO,15
UGHE,15
GHED,15
RMIN,15
PPIN,15
ICKL,15
CKLY,15
IPPE,15
CARS,15
OMOR,15
MORR,15
INCR,15
DRIN,15
GLAS,15
METI,15
ETIM,15
PTED,15
FFOR,15
HARP,15
VIOL,15
RGED,15
CIOU,15
EAVI,15
HILD,15
TREM,15
ALLI,15
ROLL,15
ELIN,15
BEAU,15
LOUD,15
ROUS,15
AREN,15
HEST,15
ALRE,15
MOON,15
TAKI,15
HOLD,15
TORE,15
LARG,15
CRAZ,15
OLDI,15
DANC,15
NVIT,15
EARL,15
CODY,15
VANT,14
STLY,14
NOWN,14
LIZE,14
EPEA,14
PEAT,14
RANC,14
ADMI,14
ROMI,14
RICA,14
DUST,14
RENC,14
LAYE,14
STLE,14
DECI,14
HESI,14
ESIT,14
SITA,14
SPRI,14
NTRY,14
REES,14
IGHB,14
FINE,14
ULLE,14
OOKS,14
ENOR,14
EMBL,14
INIS,14
NTRA,14
IFTE,14
OLLA,14
XPEC,14
APAR,14
ANIN,14
FORW,14
ONVE,14
PROV,14
UTES,14
PALE,14
HADO,14
ADOW,14
PLET,14
PICT,14
ICTU,14
RAIS,14
NCIN,14
FALL,14
IENT,14
HELD,14
EPTI,14
KIND,14
OVEM,14
HROW,14
URRE,14
EFFO,14
URRI,14
PIEC,14
IECE,14
TROL,14
INKI,14
ADED,14
INTL,14
MBLE,14
RELY,14
ONNE,14
POSS,14
OSSE,14
SHOW,14
EAUT,14
ORGO,14
RGOT,14
OWDE,14
GROU,14
ERIO,14
RINE,14
RAZY,14
KEEP,14
ICEM,14
CEMA,14
ERVA,14
ARLY,14
OXFO,14
XFOR,14
SINC,13
AGES,13
ATIV,13
ORMA,13
INTI,13
NTIM,13
SENS,13
ENSE,13
RIVI,13
OKEN,13
OMIS,13
INTR,13
ILES,13
QUAR,13
GRAV,13
EASO,13
ASON,13
INNI,13
REAK,13
PLES,13
CASU,13
ASUA,13
CRED,13
ITIE,13
GOLD,13
RARY,13
ROTE,13
TEND,13
RITY,13
CULA,13
ELVE,13
LLAR,13
DINN,13
ERFU,13
FOOT,13
BALL,13
RIFT,13
ENCH,13
LOWI,13
IRTY,13
ANNE,13
TENI,13
APPR,13
ITAL,13
RESH,13
DDIN,13
AISE,13
URIN,13
COMI,13
INGI,13
ITIN,13
BLAC,13
LACK,13
DOIN,13
LUTE,13
VEME,13
ORTE,13
LOUS,13
ISCO,13
OMEW,13
MEWH,13
EWHE,13
TENS,13
PLAN,13
EASA,13
ASAN,13
IOLE,13
GOTT,13
RRIB,13
RIBL,13
RODU,13
ODUC,13
POSI,13
NEST,13
INUE,13
NUED,13
ANYH,13
NYHO,13
YHOW,13
ARMS,13
OSSI,13
RMED,13
FUSE,13
OCTO,13
CENE,13
RANT,13
OMPA,13
RTIE,13
AGER,13
URCH,13
ERSA,13
NINE,13
UPPE,13
RCHE,13
PERI,13
UFFE,13
TROU,13
KILL,13
WIRE,13
SUSP,13
OFFE,13
FATH,12
ZING,12
QUAL,12
UALI,12
OCCU,12
HOPE,12
RGET,12
NTAL,12
ELLE,12
SHES,12
OREV,12
ENSI,12
HINE,12
IVEN,12
ORDI,12
RDIN,12
MANT,12
DDLE,12
GENE,12
IFTY,12
CIAL,12
ESTL,12
EDGE,12
AGRE,12
FAST,12
RECE,12
ILLA,12
BEGI,12
EGIN,12
INVE,12
ITER,12
ORMO,12
RMOU,12
ANDA,12
HIST,12
ECON,12
DRIF,12
FTED,12
TFUL,12
IRRE,12
HEER,12
INAT,12
HATE,12
PPRO,12
OTOR,12
BELO,12
FRES,12
MOTI,12
HAVI,12
GHTL,12
HTLY,12
ELEV,12
WHEE,12
HEEL,12
BSOL,12
SOLU,12
OLUT,12
EDUL,12
CURR,12
SENC,12
IFFE,12
ERRI,12
ERGE,12
IMPA,12
RRUP,12
LVER,12
PUSH,12
TRUE,12
PENI,12
ONES,12
DOUB,12
EMOT,12
PARE,12
VERT,12
WAVE,12
ERMI,12
MBLI,12
TARI,12
ISIB,12
TICE,12
HELL,12
HICK,12
BROW,12
TAXI,12
EAGE,12
PARK,12
LIVI,12
ESTR,12
TIRE,12
CTAN,12
CIGA,12
IGAR,12
NFOR,12
MOTH,12
ELLI,12
DESP,12
ISSE,12
IMPL,12
SHIR,12
ICES,12
OANE,12
VITE,12
AUTO,12
ICAN,12
NEAR,12
PICK,12
EGRO,12
DEAD,12
SICK,12
ESER,11
EQUE,11
URES,11
ERAN,11
LLEG,11
SECR,11
ECRE,11
CRET,11
ONFI,11
PATI,11
RAID,11
FFEC,11
STUR,11
HTEN,11
TRIC,11
SAND,11
IGNI,11
EXTR,11
ROMA,11
RILY,11
MIDD,11
IDDL,11
RRAW,11
RAWA,11
TUAL,11
RAND,11
WARE,11
TONI,11
STEA,11
RYBO,11
ASHI,11
LECT,11
NEIG,11
GHBO,11
HBOR,11
SOLE,11
TORI,11
MERI,11
ERIC,11
FLAT,11
PHYS,11
HYSI,11
YSIC,11
SICA,11
ICUL,11
FAIR,11
NTLE,11
ITTE,11
SECO,11
RFUL,11
NATI,11
LLEN,11
STRI,11
ATIC,11
SCAR,11
ORAT,11
RICK,11
ESTA,11
SSIV,11
EAKI,11
UNNY,11
HORE,11
LORE,11
MAKI,11
COUC,11
UITE,11
SLIG,11
RELE,11
TIBL,11
RILL,11
OTES,11
TEME,11
ASLE,11
ANNO,11
WNED,11
REDU,11
ULOU,11
BEYO,11
EYON,11
YOND,11
TUOU,11
UNCE,11
CKER,11
EEKS,11
ARET,11
AKEN,11
IFIC,11
MPAT,11
LUDE,11
ENTR,11
SILV,11
ILVE,11
IONE,11
REMB,11
BLED,11
EDLY,11
BLES,11
OUBT,11
IBRA,11
GLAD,11
OGRA,11
RTHE,11
NLIG,11
POCK,11
AWAR,11
QUIE,11
UIET,11
TILY,11
UMBL,11
LIND,11
MEET,11
ARTM,11
RTME,11
VITA,11
ERNE,11
ATOR,11
LUCT,11
RUNK,11
ORRI,11
RIDE,11
NVER,11
ELLA,11
ENDI,11
KISS,11
OWNS,11
SAYI,11
LOST,11
UTOM,11
IRCU,11
BARR,11
FUNN,11
OUBL,11
UBLE,11
EFUL,11
PAUS,11
MAGI,11
NEGR,11
GATE,11
GATZ,11
INCL,10
DETE,10
STAK,10
MATE,10
EVEL,10
LATI,10
VIOU,10
SONA,10
MPER,10
PERA,10
XTRA,10
CTUA,10
OYED,10
TEAD,10
ERYB,10
ENTY,10
BOAR,10
OARD,10
FIRM,10
LLAG,10
LAGE,10
AVES,10
GROW,10
VEST,10
AMER,10
LEND,10
YARD,10
PERF,10
ONTA,10
VERH,10
SHAP,10
HAPE,10
SUPE,10
UPER,10
SQUE,10
SOLI,10
ISTO,10
OUSI,10
ACCO,10
LISH,10
FRAN,10
RICH,10
RREC,10
WHOM,10
GLOW,10
CLOT,10
LOTH,10
FILL,10
TERS,10
STRO,10
IANT,10
LASH,10
NCLU,10
CLUD,10
MOTO,10
EMAI,10
AMIN,10
DIED,10
APPI,10
LEVA,10
IBLY,10
OVEL,10
ASSI,10
DONE,10
ECIS,10
ORRY,10
FOOL,10
VIDE,10
TAIL,10
ACCE,10
SITY,10
LICK,10
ARRY,10
NERV,10
ECES,10
ERRU,10
UDED,10
MOUN,10
SPOK,10
POKE,10
ARCH,10
RCHI,10
VANI,10
URGE,10
NEED,10
LIBR,10
BRAR,10
ANGI,10
APPA,10
OTOG,10
TOGR,10
SOFT,10
ACCI,10
CCID,10
RISI,10
OTEL,10
KNES,10
HAST,10
FANT,10
TAST,10
CEIV,10
DOCT,10
BURG,10
HEAP,10
ORCE,10
RIOR,10
SPIR,10
INCI,10
THIC,10
GHOS,10
DRUG,10
UPST,10
PSTA,10
ARNE,10
GERL,10
BATH,10
HOWE,10
DRUN,10
GARE,10
ANGL,10
INFO,10
RUST,10
LETT,10
HANT,10
EXCL,10
XCLA,10
LVES,10
CHAM,10
HAMP,10
CHAU,10
HAUF,10
AUFF,10
FFEU,10
FEUR,10
STRU,10
ADDR,10
DDRE,10
BERE,10
OLDE,10
ROUB,10
TEST,10
ACED,10
NERS,10
EVED,10
WHOS,10
RSAT,10
SHAK,10
EWSP,10
WSPA,10
SPAP,10
EFIN,10
UNFA,10
SLOA,10
LOAN,10
RITI,9
USUA,9
CATI,9
RVED,9
NATU,9
TERA,9
CUSE,9
PRIV,9
AFRA,9
FRAI,9
RCEL,9
IMIT,9
DUCT,9
IVES,9
SERI,9
EOUS,9
ARTH,9
AKES,9
DIGN,9
IFIE,9
FIED,9
ADIN,9
EYED,9
EAMS,9
MPOR,9
SORR,9
GRAD,9
RADU,9
ADUA,9
RTIC,9
IDED,9
LEAR,9
EARN,9
VARI,9
PRAC,9
UNTR,9
OLEM,9
LEMN,9
NGES,9
ORTH,9
OMES,9
WATE,9
ERFE,9
BLAN,9
USIO,9
ERHE,9
RHEA,9
NABL,9
AFFA,9
FFAI,9
TOWE,9
GENT,9
AIRE,9
DOLL,9
LARS,9
REMO,9
FIGU,9
IGUR,9
GURE,9
POLO,9
RECO,9
BEAC,9
JUMP,9
PERC,9
STAB,9
MINA,9
EANI,9
RNAL,9
NTEM,9
RONG,9
BROA,9
BOAT,9
ELON,9
CIEN,9
CHAR,9
ERCE,9
HRIL,9
ESOL,9
OURN,9
STIF,9
CCUR,9
NDLE,9
MINI,9
IMEN,9
TRUS,9
EPTE,9
TIFI,9
NANT,9
ENTH,9
ORSE,9
FADE,9
RTIN,9
TEDL,9
AREL,9
UESS,9
TWIL,9
WILI,9
ILIG,9
CTLY,9
NNEC,9
LOOM,9
EELI,9
RETU,9
ETUR,9
AUTI,9
NCER,9
AZIN,9
IMPO,9
AGED,9
POOR,9
VAGU,9
AGUE,9
TROD,9
TRET,9
RETC,9
ETCH,9
ARKN,9
RKNE,9
CHAP,9
HAPT,9
APTE,9
PTER,9
JOIN,9
SMOK,9
BRID,9
URAN,9
RALL,9
PROP,9
TTED,9
ALLS,9
RNES,9
DREW,9
LICA,9
ASTO,9
PHOT,9
HOTO,9
GRAP,9
RAPH,9
RELU,9
ELUC,9
UCTA,9
SSAN,9
CKIN,9
ORME,9
ECAM,9
KITC,9
CHEN,9
NEIT,9
CLAI,9
LAIM,9
AIME,9
IMED,9
RIVA,9
NOBO,9
OBOD,9
ARDL,9
RDLY,9
AWIN,9
HORN,9
ENDO,9
OBLI,9
SIMP,9
DIRE,9
IREC,9
EMBA,9
MBAR,9
RRAS,9
OMEO,9
MEON,9
EONE,9
ORRE,9
CLEA,9
OODB,9
ODBY,9
DBYE,9
TAYE,9
IMAG,9
AGIN,9
HTED,9
CHUR,9
HURC,9
WERS,9
DEWA,9
AGIC,9
NEAT,9
IXED,9
NFAM,9
AINL,9
INLY,9
BILO,9
ILOX,9
LOXI,9
UNGE,8
TICI,8
IZIN,8
ONSE,8
BORE,8
ORES,8
FIDE,8
REQU,8
TIMA,8
VERI,8
OBVI,8
BVIO,8
NFIN,8
ISSI,8
AMEN,8
ECEN,8
ARCE,8
ROCK,8
ARSH,8
EXCU,8
IVIL,8
HUMA,8
UMAN,8
SCOR,8
NSIT,8
ACHI,8
ONSI,8
GNIF,8
NIFI,8
FLOA,8
LOAT,8
ARIL,8
ABOR,8
RADI,8
DESC,8
PECI,8
RTER,8
ENTU,8
GRAT,8
ENJO,8
BOND,8
ARIO,8
TWEN,8
WIDE,8
WEAT,8
CARD,8
MUTT,8
PATH,8
FERR,8
ROWI,8
ONVI,8
ECOM,8
RMAT,8
FUSI,8
NIST,8
MMIN,8
NSIO,8
IRES,8
SPEN,8
TERW,8
ERWA,8
CELY,8
BORA,8
EERF,8
IFTI,8
NATE,8
TIOU,8
SNES,8
UMPE,8
MPED,8
ABRU,8
BRUP,8
PTLY,8
BOUN,8
RIPP,8
SNAP,8
GROA,8
ROAN,8
CAUG,8
QUIT,8
ONSC,8
NSCI,8
ARMI,8
IMPE,8
ENCY,8
RRAN,8
ITEM,8
OLAT,8
CISI,8
DAMN,8
ELSE,8
UTEL,8
EVID,8
HANK,8
COCK,8
OCKT,8
CKTA,8
KTAI,8
DULO,8
BOTT,8
DLES,8
CKLE,8
INCO,8
DESI,8
CCEP,8
ERVO,8
RVOU,8
VOUS,8
NEXP,8
MERG,8
PROF,8
EADS,8
ATIE,8
TIEN,8
DUCE,8
NTAR,8
PTIO,8
THUS,8
ATHL,8
THLE,8
ERTI,8
EREU,8
REUP,8
EUPO,8
OWNE,8
NCEA,8
CEAL,8
HREW,8
ASED,8
LANK,8
ARTL,8
SUBJ,8
UBJE,8
ANIS,8
NSTI,8
TINC,8
INCT,8
TANG,8
CONN,8
NECT,8
TIFU,8
IFUL,8
VINC,8
OFTE,8
FTEN,8
LOUI,8
OUIS,8
ORTA,8
ENGA,8
NGAG,8
GAGE,8
USTE,8
BELL,8
KETS,8
RAIL,8
RIDG,8
IDGE,8
USES,8
RACK,8
EIVE,8
ECKL,8
ETIN,8
NCHE,8
NITY,8
GGER,8
TIGH,8
SELE,8
LADY,8
DMIR,8
GATH,8
EVAT,8
BEDR,8
EDRO,8
DROO,8
WDED,8
DIES,8
OWEV,8
WEVE,8
OLVE,8
ORTS,8
CELE,8
GLED,8
HOTE,8
ROPE,8
SHOE,8
USTI,8
STIB,8
WEAR,8
MUSI,8
USIC,8
LANE,8
RVAN,8
EMON,8
SPIC,8
OBIL,8
NOTI,8
AZED,8
DURI,8
ULAT,8
REFU,8
JUNE,8
INET,8
ROVI,8
ACTE,8
AMOU,8
RUGG,8
ROPP,8
TNES,8
SSIB,8
PITA,8
LIPP,8
EWAL,8
MEYE,8
EYER,8
NTHS,8
IDEW,8
ENEG,8
BENE,8
OMMO,8
YACH,8
ACHT,8
HENE,7
ENEV,7
ADVA,7
DVAN,7
OMMU,7
ATTA,7
IMAT,7
ARRE,7
AFFE,7
SUCC,7
ESTU,7
RESP,7
EATI,7
INAR,7
ROWS,7
TODA,7
ODAY,7
UART,7
NJOY,7
THOR,7
OROU,7
NSTE,7
CLES,7
ERMA,7
CTIC,7
SEAS,7
WASH,7
FINN,7
ELEC,7
LPLE,7
FREE,7
GINN,7
ECUR,7
TURA,7
RFEC,7
TACT,7
LARI,7
ARIT,7
TICU,7
FICI,7
ARDS,7
ANSI,7
TIAL,7
LION,7
COUS,7
MPLI,7
HMEN,7
AVOR,7
OACH,7
UNRE,7
TURB,7
CARC,7
BRIC,7
TURD,7
EMIN,7
BOOT,7
SHIF,7
HIFT,7
LEVE,7
ERNA,7
IKED,7
FLAS,7
SWEE,7
UPTL,7
RAGI,7
GLEA,7
LEAM,7
BLEW,7
ILIN,7
CHOR,7
ALLO,7
BLOW,7
RBED,7
SCIE,7
HARM,7
URNA,7
FRIG,7
IENC,7
TRIB,7
RIBU,7
NOTE,7
SOLA,7
WORR,7
TIFF,7
MPLA,7
ANTR,7
DERI,7
IAGE,7
ACKW,7
KWAR,7
MPTU,7
PTUO,7
SQUA,7
NGUI,7
PREC,7
FROW,7
RRYI,7
ABSE,7
BSEN,7
ARPL,7
RPLY,7
SHEE,7
TONE,7
UPTE,7
TRAT,7
NTHU,7
HUSI,7
USIA,7
SIAS,7
HLES,7
SERT,7
EALE,7
XCUS,7
SEAR,7
EARC,7
TALL,7
HORS,7
DUAL,7
BEST,7
UTIF,7
EASI,7
EASY,7
SSER,7
ALOU,7
GLIN,7
PPAR,7
UISV,7
ISVI,7
SVIL,7
UMOR,7
UCHE,7
GUST,7
NTAS,7
HILL,7
RANS,7
SCRE,7
ABOV,7
BOVE,7
KLEB,7
LEBU,7
EBUR,7
AITI,7
DISM,7
TRES,7
NTAN,7
STAU,7
TAUR,7
AURA,7
FORC,7
MPAN,7
BLOC,7
WAST,7
ROPR,7
OPRI,7
DAMP,7
SPOT,7
AUTY,7
FLUS,7
LUSH,7
RAWN,7
EGGE,7
TERY,7
NECK,7
TCHI,7
IRIN,7
ELIC,7
SWIN,7
RESO,7
SOLV,7
OTTL,7
HISK,7
ISKE,7
SKEY,7
AVED,7
ESPE,7
STUD,7
BSOR,7
BING,7
NVEN,7
SHOC,7
HOCK,7
VATE,7
CASE,7
ONST,7
ARGU,7
SOON,7
SPRE,7
ROCE,7
AMPA,7
MPAG,7
PAGN,7
AGNE,7
ESTS,7
DIVI,7
RAWI,7
EARI,7
AVAG,7
ATES,7
WAND,7
OMOB,7
MOBI,7
BILE,7
OTIC,7
SMEN,7
SARY,7
GOLF,7
PANI,7
ANYB,7
NYBO,7
NTIA,7
PROB,7
GULA,7
AVEL,7
IRCL,7
RCLE,7
IVID,7
RELI,7
TRAL,7
ISIO,7
VIVI,7
STON,7
TEAR,7
SAYS,7
GNAN,7
TRUG,7
UGGL,7
OSTL,7
USPE,7
COFF,7
FFEE,7
MITT,7
FEND,7
ITAB,7
KLIP,7
IPSP,7
PSPR,7
WRON,7
RASE,7
MEMO,7
EMOR,7
UNLI,7
YSTE,7
TRAG,7
SOUT,7
MMON,7
IRTS,7
ICIO,7
VICE,6
TAGE,6
NICA,6
RSTO,6
EANT,6
DEAL,6
RMAL,6
TACH,6
ACCU,6
CCUS,6
ICIA,6
NFID,6
RIST,6
INFI,6
DECE,6
LIMI,6
AUTU,6
UTUM,6
TUMN,6
REPR,6
UCCE,6
CCES,6
MACH,6
OUSA,6
USAN,6
ENES,6
ONAB,6
ILIT,6
DINA,6
NARY,6
EADI,6
OATE,6
ORTI,6
ACTU,6
ROTH,6
ECIA,6
PAIN,6
UATE,6
GGED,6
RMAN,6
NDLY,6
UTIN,6
ECTR,6
ELPL,6
RIGI,6
SETT,6
ERRE,6
SUNS,6
OVIE,6
EALT,6
ALTH,6
NVES,6
SECU,6
MINT,6
HINI,6
ITOR,6
BRIN,6
BECO,6
SLEN,6
URAL,6
TOUR,6
PARA,6
PHER,6
RRES,6
ILAR,6
FASH,6
SHIO,6
HION,6
LOSS,6
TLEM,6
VIEW,6
OLIN,6
POWE,6
PROA,6
ROAC,6
ULEN,6
ELAB,6
LABO,6
FTIN,6
ARRO,6
GANT,6
GLIS,6
OOTS,6
CAPA,6
HUSK,6
HARS,6
FIAN,6
UDIN,6
ROSY,6
EAMI,6
BREE,6
CURT,6
URTA,6
EDDI,6
TTEM,6
IBUT,6
THRI,6
ERSI,6
RTLY,6
LYIN,6
RRIA,6
RIAG,6
TUAT,6
CKWA,6
CADE,6
OUNC,6
UARE,6
IDLY,6
NAPP,6
ULKI,6
ESIR,6
INUA,6
NUAL,6
PIRE,6
ROFO,6
OFOU,6
DNES,6
WINK,6
UCED,6
TARY,6
ILDR,6
LDRE,6
DREN,6
ITHI,6
ALED,6
VOID,6
AUDI,6
ELPE,6
LPED,6
OORS,6
TLIN,6
ECTS,6
GENC,6
ECTL,6
CTIN,6
SESS,6
NVIN,6
ERTE,6
INGU,6
UISH,6
BLOO,6
RDAY,6
POST,6
UNNI,6
LIFT,6
PEND,6
MOTE,6
AVER,6
OONL,6
ONLI,6
EMER,6
EPPE,6
CURE,6
UCTI,6
WORN,6
LLEY,6
GROT,6
TESQ,6
ESQU,6
MOKE,6
POWD,6
WDER,6
NVIS,6
EADE,6
CREE,6
OBSC,6
ECTA,6
CULI,6
ISTR,6
EAPS,6
SUND,6
NDAY,6
BUIL,6
HIRD,6
SOLD,6
RIET,6
SPRA,6
IALL,6
STOU,6
GOES,6
COPY,6
LAVE,6
VEND,6
INDS,6
LUNG,6
TLED,6
RPOS,6
VATO,6
STUM,6
LADI,6
ISCU,6
UITS,6
MPOS,6
HEEK,6
GREW,6
ICIT,6
SLIP,6
SUED,6
WNST,6
SORB,6
LUCI,6
UCIL,6
CILL,6
IDER,6
ROWE,6
SUME,6
UMED,6
UTED,6
MULT,6
NCHA,6
HOES,6
ADVE,6
CHIE,6
PARD,6
ARDO,6
RDON,6
UCHI,6
DENE,6
RUBB,6
TTON,6
CORD,6
ROUP,6
PLIC,6
PECU,6
ECUL,6
RCUM,6
CUMS,6
UMST,6
MSTA,6
NUMB,6
UMBE,6
ENGL,6
HUNG,6
WLED,6
ALTE,6
NCTI,6
ROBA,6
OBAB,6
BABL,6
REGU,6
EGUL,6
OOSE,6
OBER,6
HILA,6
APPY,6
NETE,6
ETEE,6
EASS,6
RESI,6
OPED,6
ATTR,6
LUST,6
CTIV,6
SONG,6
IGNA,6
ATHI,6
SPIT,6
GGLE,6
ATEV,6
TEVE,6
RAIG,6
AIGH,6
ATIS,6
TISF,6
ETRO,6
TROP,6
ROPO,6
ELLS,6
AEDE,6
JAME,6
SHOT,6
JEWE,6
RROR,6
TRUT,6
RUTH,6
PHRA,6
HRAS,6
AUTH,6
UTHE,6
UILT,6
MYST,6
SCOV,6
TINY,6
HAKI,6
ENEA,6
RANK,6
OPPO,6
BBER,6
ICER,6
FIRE,6
DEAT,6
UFFL,6
PINK,6
REPO,6
ORIT,6
BEND,6
USPI,6
PICI,6
DAWN,6
FUNE,6
UNER,6
UNUS,5
NUSU,5
QUEN,5
UENC,5
GMEN,5
HABI,5
ABIT,5
ALSO,5
LITI,5
RIEF,5
ELAT,5
HORI,5
PPRE,5
SHLY,5
UNDA,5
DAME,5
CELL,5
IFOR,5
TOUS,5
EPRE,5
ESSF,5
SSFU,5
SFUL,5
GORG,5
RGEO,5
GEOU,5
NTRI,5
ESPO,5
SPON,5
BILI,5
TRAO,5
RAOR,5
AORD,5
SHAL,5
INEN,5
NENT,5
ESCE,5
CEND,5
BROT,5
CIVI,5
EFER,5
PATE,5
JOYE,5
RAGG,5
UNIV,5
NIVE,5
ECID,5
PPOR,5
NNIS,5
ONEL,5
GINA,5
BURS,5
URST,5
VIES,5
VOLU,5
SHEL,5
FOLD,5
ORIA,5
ALIS,5
HANC,5
RIOS,5
IOSI,5
ARAT,5
EEZE,5
TWEL,5
WELV,5
OLOS,5
DARD,5
BEAR,5
MARB,5
ARBL,5
RBLE,5
SWIM,5
WIMM,5
IMMI,5
ORTY,5
MANS,5
LEMA,5
MILL,5
LLIO,5
ISHM,5
SHME,5
CUTE,5
TRIN,5
WIST,5
BULE,5
GAME,5
DENS,5
IDIN,5
TRAW,5
ERCI,5
EFFE,5
ACIN,5
USKY,5
OPIN,5
NION,5
SOCI,5
EFIA,5
WEDD,5
PPLE,5
ANCH,5
NCHO,5
SHUT,5
LENG,5
BALA,5
ALAN,5
RNAM,5
PTIB,5
TIPP,5
LOWS,5
CITI,5
HOVE,5
ECST,5
CSTA,5
RSIS,5
ISIV,5
NNOY,5
ALER,5
LERT,5
YWHE,5
NNES,5
TORT,5
ANKS,5
AILS,5
PANT,5
AINI,5
RECI,5
REPL,5
NOUN,5
OMPE,5
HIPS,5
ECED,5
CAND,5
ADIA,5
DIAN,5
CHAT,5
HATT,5
SIRE,5
HASE,5
VILI,5
LARE,5
UNEX,5
TERL,5
PROD,5
ETIC,5
NCEN,5
DESE,5
MURE,5
REMI,5
STIR,5
SCIO,5
WARN,5
MPAS,5
COHE,5
CEAS,5
INNO,5
NNOC,5
NOCE,5
OCEN,5
ANKL,5
NKLY,5
ASPE,5
SPED,5
LEAT,5
GAYE,5
AYET,5
ISER,5
AVOI,5
PTIC,5
ETAL,5
GLOO,5
NOWS,5
WOKE,5
NURS,5
UNEA,5
NEAS,5
GUIS,5
SATU,5
URDA,5
RUNN,5
MAGA,5
AGAZ,5
GAZI,5
ZINE,5
FLIN,5
GHTN,5
LDLY,5
RTAN,5
LIBE,5
RUMO,5
THEL,5
BBLE,5
STAL,5
PUMP,5
REGA,5
ARDI,5
TARS,5
LOCA,5
ASIO,5
RAWL,5
SCUR,5
SSEN,5
ISMA,5
INTA,5
POPU,5
OPUL,5
PULA,5
ASHH,5
SHHE,5
HHEA,5
ANKE,5
SSUM,5
EROU,5
BARE,5
PRIE,5
PRAN,5
UNCO,5
SELL,5
MAYB,5
AYBE,5
ICKI,5
ARSE,5
URTH,5
AWFU,5
WFUL,5
ALIV,5
ETLY,5
PLAT,5
SLID,5
MASS,5
ACKE,5
BASK,5
SKET,5
COST,5
REDS,5
NTIR,5
SAIL,5
EAME,5
DWAY,5
MILK,5
IATI,5
TTES,5
OLID,5
TICK,5
EYEB,5
INNU,5
MODE,5
EETI,5
RTIS,5
OPLA,5
OSTU,5
DERG,5
EVOL,5
DEAR,5
PURS,5
URSU,5
ESPA,5
SPAI,5
ESSN,5
SSNE,5
MPLY,5
HELM,5
TRAY,5
TRIU,5
RIUM,5
IUMP,5
UMPH,5
EEPI,5
WEET,5
PTIN,5
ELEB,5
LEBR,5
SELV,5
CHER,5
INEX,5
AUST,5
POUR,5
RETE,5
ISEM,5
SEME,5
LIED,5
SAGE,5
HIEF,5
OANI,5
MIDN,5
IDNI,5
DNIG,5
OWEL,5
AIRI,5
PREA,5
GROC,5
OCER,5
PENN,5
AGON,5
SCRU,5
VAGE,5
ORAN,5
LEMO,5
BUTT,5
UTTO,5
CANV,5
ANVA,5
NVAS,5
STMA,5
SALO,5
IGHE,5
HUSH,5
RHYT,5
HYTH,5
YTHM,5
BLIG,5
BEGU,5
EGUN,5
ULIA,5
TRUC,5
NGRY,5
DENI,5
ASSM,5
SSME,5
NECE,5
SSAR,5
TWIN,5
LDEN,5
LTER,5
ARMY,5
IELD,5
RIAT,5
HNES,5
LAPS,5
APSE,5
USHI,5
GRAC,5
ORTU,5
FICA,5
FAIL,5
AILE,5
CISE,5
LEGA,5
ELUD,5
SKIN,5
LINK,5
ADAM,5
JAUN,5
TINE,5
PIAN,5
IANO,5
ASPI,5
ACKS,5
WIVE,5
FISH,5
URRY,5
ECOG,5
COGN,5
OGNI,5
NIZE,5
ANIC,5
TEPP,5
EWEL,5
MERE,5
CLER,5
RSEY,5
ISFA,5
SFAC,5
OPOL,5
NCID,5
DISH,5
PROT,5
AHEA,5
ENNI,5
HOSP,5
OSPI,5
BAED,5
EDEK,5
DEKE,5
EKER,5
MIRR,5
IRRO,5
NDEF,5
VERW,5
UTIO,5
EDUC,5
MORY,5
GONN,5
SEND,5
SUNL,5
PLEN,5
DRAN,5
MIRE,5
BARB,5
ELIG,5
RIBE,5
GATI,5
HOLL,5
TREA,5
STIG,5
SPAR,5
FFLE,5
FLED,5
ECEI,5
EPOR,5
FUTU,5
UTUR,5
WALT,5
ICAB,5
CABL,5
IGAT,5
MIXE,5
JIMM,5
IMMY,5
ADVI,4
ITIC,4
NTAG,4
MMUN,4
MUNI,4
ICTI,4
TTAC,4
USTL,4
GRIE,4
EVIT,4
KABL,4
ERVI,4
SNOB,4
CENC,4
NCIE,4
CIES,4
UNIF,4
NIFO,4
RIOT,4
GLIM,4
LIMP,4
IMPS,4
MPSE,4
ITIV,4
ISES,4
PONS,4
RAME,4
DINE,4
IKEL,4
KELY,4
TRAD,4
GRAN,4
TITU,4
OLES,4
OILE,4
DUAT,4
NTUR,4
AGGE,4
CHOO,4
OSIN,4
ITAN,4
AWNS,4
ATEN,4
GHTY,4
EAKF,4
AKFA,4
KFAS,4
CTRI,4
IGIN,4
UNSH,4
NSHI,4
GIVI,4
EDIT,4
URIT,4
IDES,4
RIAL,4
YALE,4
ISTS,4
UNIT,4
NITI,4
NORT,4
EXTE,4
NTOU,4
EPAR,4
VALS,4
NTAC,4
SEMB,4
SOUR,4
OURC,4
URCE,4
GLES,4
DISS,4
SINI,4
QUEE,4
HUGE,4
OSSA,4
SSAL,4
PALA,4
ALAC,4
GINS,4
PENT,4
CLIM,4
WEAL,4
LAKE,4
ORGI,4
DIAL,4
BURN,4
FREN,4
ILIO,4
MANN,4
BLIS,4
PACK,4
GRUF,4
RUFF,4
TRON,4
IETY,4
LUDI,4
ALIA,4
LIAN,4
OSES,4
SPAC,4
PACE,4
FRAG,4
CAKE,4
IPPL,4
ETEL,4
LOON,4
FLUT,4
LUTT,4
LOWN,4
REAR,4
OONE,4
ENGT,4
NGTH,4
HINT,4
APOL,4
OLOG,4
ICIS,4
CISM,4
RCEP,4
BITI,4
SUFF,4
NNED,4
BUTE,4
GEME,4
IFFI,4
FICU,4
CULT,4
DESO,4
WREA,4
WAIL,4
ORTL,4
AMNE,4
MNED,4
ANYW,4
YAWN,4
AWNE,4
ETOR,4
OCAL,4
SCON,4
NNOU,4
MPEL,4
PELL,4
CEDE,4
EDED,4
ANDL,4
FLIC,4
DIMI,4
WNIN,4
HULK,4
NCON,4
APPO,4
PPOI,4
ILIZ,4
CLAR,4
NTIF,4
STUF,4
TUFF,4
ORKE,4
CALI,4
HEAV,4
NKED,4
IAST,4
ONIG,4
DUSK,4
CKEN,4
NFIR,4
NTRU,4
SHAM,4
HAME,4
VERG,4
OHER,4
SANK,4
PENS,4
YETY,4
BIRD,4
HTIN,4
SERA,4
SKEP,4
IFTH,4
SHRI,4
META,4
RGEN,4
UATI,4
GIBL,4
ANDO,4
INKS,4
ASIN,4
LIEF,4
EXAC,4
XACT,4
SHIP,4
CRIM,4
OMED,4
PAGE,4
ISSU,4
SSUE,4
KNEE,4
EVIL,4
UNPL,4
NPLE,4
EREM,4
MPTO,4
INDL,4
GUEL,4
UELY,4
SONS,4
CCOU,4
ERTH,4
HELE,4
RISH,4
EGAR,4
UREL,4
SWOR,4
DOCK,4
AILR,4
ILRO,4
LROA,4
OCCA,4
CCAS,4
CASI,4
CRAW,4
LEAD,4
ADES,4
CLOU,4
BSCU,4
LEAK,4
BROO,4
ACQU,4
CQUA,4
QUAI,4
UAIN,4
CHEO,4
HEON,4
PANY,4
MPTI,4
WREC,4
RECK,4
SLAP,4
LAPP,4
RKIN,4
TOUT,4
ENSU,4
NGLI,4
JULY,4
DUMB,4
ISCR,4
EETL,4
DEFE,4
TATT,4
ATTL,4
ECHO,4
TAPP,4
PEER,4
PLUN,4
ACTL,4
EDAL,4
CATC,4
NDOU,4
VENU,4
ENUE,4
UTTI,4
ASES,4
HAUG,4
FURN,4
IREL,4
TUMB,4
ADIE,4
BLUR,4
LURR,4
LVED,4
IMON,4
OADW,4
ADWA,4
CUIT,4
CAST,4
OMME,4
MMEN,4
YEBR,4
EBRO,4
LUCK,4
NMEN,4
CLIC,4
BRAC,4
DERA,4
ELOW,4
CTFU,4
APHE,4
PLAS,4
HORR,4
PRID,4
TUME,4
REVO,4
CHEA,4
NDIC,4
RSUE,4
RDED,4
ORBI,4
DIVO,4
IVOR,4
PHAN,4
EPIN,4
HOLI,4
EURO,4
UROP,4
IVAT,4
ODDI,4
AMBI,4
EDIN,4
RESU,4
HEMS,4
EMSE,4
RGUM,4
GUME,4
UMEN,4
EETS,4
IMUL,4
ULTA,4
NEOU,4
SEAT,4
ETEN,4
DVER,4
TISE,4
WIPE,4
IPED,4
OUTE,4
WELS,4
SCOL,4
OATS,4
ARAC,4
WAGO,4
CAMP,4
BBIN,4
BRUS,4
RAVA,4
MONS,4
ERER,4
CHRI,4
HRIS,4
ISTM,4
TMAS,4
ICED,4
AKED,4
QUIN,4
IGNS,4
WITC,4
LIQU,4
IQUO,4
QUOR,4
GHER,4
IVAL,4
TUDY,4
OMEH,4
MEHO,4
EHOW,4
RULE,4
CIAT,4
ARKS,4
LICI,4
FLAN,4
NNEL,4
RUCK,4
AMAZ,4
PURP,4
URPO,4
ROAR,4
MUMB,4
BUST,4
BEAD,4
SIXT,4
BENT,4
SHIV,4
HIVE,4
OUPL,4
UPLE,4
ERGR,4
UNCT,4
NDES,4
AREF,4
ARVE,4
EXAM,4
XAMI,4
IABL,4
ROOS,4
OSEV,4
VELT,4
JAZZ,4
HYDR,4
YDRO,4
ROPL,4
ESIS,4
LORI,4
REHE,4
OSTO,4
MADA,4
ONIS,4
GASP,4
SPIN,4
FIGH,4
ANGR,4
NDIG,4
GERE,4
HAKE,4
LIZI,4
CEFU,4
LTED,4
OINE,4
DETA,4
GNIZ,4
SHRU,4
OMMI,4
GLAR,4
CALM,4
REWE,4
ORBE,4
EREL,4
LERK,4
JERS,4
GINE,4
METR,4
HAUN,4
NTEL,4
LATT,4
ADDY,4
RETR,4
ATEM,4
DMIT,4
SAFE,4
ROTT,4
IBER,4
BRAK,4
RAKE,4
IRAT,4
INKL,4
NKLE,4
OOTL,4
OTLE,4
TLEG,4
LEGG,4
DEVI,4
MPTY,4
KERS,4
DROW,4
WINT,4
POLE,4
CHID,4
ONGS,4
OTED,4
IGID,4
YOUT,4
BOXE,4
OXES,4
ELDS,4
AYER,4
TENC,4
ERWH,4
RWHE,4
WHEL,4
ORIE,4
DUCA,4
UCAT,4
MAJO,4
AJOR,4
BLAZ,4
LAZE,4
IPPI,4
ACTO,4
SPLE,4
IMOU,4
LATO,4
ERIA,4
OGGS,4
GGSF,4
GSFO,4
SFOR,4
NGLA,4
EASU,4
ASUR,4
FIXE,4
TUNI,4
NTEE,4
PLAZ,4
LAZA,4
UBBE,4
OADS,4
RMIS,4
MAID,4
SNOW,4
ARBA,4
RBAR,4
ESCR,4
SCRI,4
CRIB,4
IBED,4
DEST,4
DERN,4
NREA,4
BERY,4
ALAR,4
LARM,4
KNOC,4
NOCK,4
TOMA,4
OMAT,4
UNHA,4
NHAP,4
DECA,4
ECAD,4
EFUS,4
THED,4
LROO,4
ATHS,4
HADE,4
VABL,4
ORRU,4
DESK,4
SHNE,4
UTHO,4
NCEP,4
CLAM,4
APAC,4
PACI,4
ACIT,4
BRAI,4
ESPI,4
AMOR,4
SAVA,4
ASID,4
UNUT,4
NUTT,4
NCOM,4
SQUI,4
GETS,4
WRAP,4
RAPP,4
TIGA,4
FURT,4
MEND,4
SEEI,4
EEIN,4
OPPI,4
ISIT,4
TIPT,4
IPTO,4
PTOE,4
ANXI,4
NXIO,4
XIOU,4
COMF,4
OMFO,4
MFOR,4
BOYS,4
RAWE,4
AWER,4
HOWS,4
ULNE,3
CRIT,3
UNIC,3
NSEQ,3
SEQU,3
CLIN,3
JUDG,3
VICT,3
TECT,3
DENC,3
SOUG,3
UENT,3
IGNE,3
GNED,3
CCUP,3
TILE,3
UNMI,3
NMIS,3
TAKA,3
AKAB,3
ARIS,3
NOBB,3
OBBI,3
ISHL,3
ENCI,3
OAST,3
LERA,3
ONDU,3
NDUC,3
MARS,3
ORAL,3
VILE,3
ILEG,3
EACT,3
NALI,3
NSIV,3
VENE,3
EMPE,3
WAKE,3
EMPO,3
PORA,3
CLAN,3
DITI,3
REFE,3
CIPA,3
DELA,3
ELAY,3
ONIC,3
GHLY,3
UNTS,3
SCHO,3
INAN,3
NANC,3
PERM,3
ENDL,3
MMUT,3
GUID,3
ETTL,3
ONFE,3
EDOM,3
HOOD,3
OLUM,3
ANKI,3
STME,3
MISI,3
UNFO,3
ORGA,3
WROT,3
IALS,3
MITE,3
GRAM,3
ONTO,3
SEPA,3
OURT,3
URTE,3
CRUS,3
ESEM,3
RPET,3
BIZA,3
IZAR,3
ZARR,3
NDAR,3
ACRE,3
VERL,3
NSOL,3
NANS,3
EMOV,3
CCOM,3
LTHY,3
EPRO,3
NIES,3
STFU,3
URBU,3
RBUL,3
ECOV,3
ONIA,3
NIAL,3
UMPI,3
MPIN,3
ALKS,3
VINE,3
RIDI,3
CILI,3
LIOU,3
ABLI,3
AGGR,3
GGRE,3
GRES,3
MUSC,3
USCL,3
SCLE,3
TENO,3
OUSN,3
USNE,3
PINI,3
INIO,3
LNES,3
WEEP,3
UNKE,3
NKEN,3
NGEN,3
REEZ,3
TWIS,3
CEIL,3
EILI,3
PPLI,3
NLES,3
ABSU,3
BSUR,3
SURD,3
STUN,3
UNNE,3
EECH,3
NGEM,3
MPUL,3
PULS,3
BABY,3
NOYE,3
NYWH,3
ENNE,3
RAPI,3
APID,3
NTUA,3
ECIP,3
PROC,3
EPLY,3
DGIN,3
ECKE,3
IMIN,3
OWNI,3
AWED,3
USIV,3
TERT,3
PHAS,3
ROPS,3
LIZA,3
IZAT,3
ZATI,3
OURE,3
FERO,3
EROC,3
ROCI,3
OCIO,3
AVIL,3
THET,3
HETI,3
SEIZ,3
EIZE,3
UPTI,3
OLIS,3
SHER,3
RVIC,3
WORS,3
GERI,3
EGRE,3
EXCH,3
XCHA,3
ARNI,3
UDIB,3
DIBL,3
ALTO,3
RASP,3
OUTD,3
UTDO,3
TDOO,3
GHTI,3
RTLI,3
RAGM,3
AGME,3
SITU,3
ITUA,3
UING,3
RSES,3
VIGI,3
IGIL,3
NGIB,3
HAIN,3
WICK,3
CYNI,3
YNIC,3
EATS,3
ABAN,3
NDON,3
WEPT,3
VANC,3
PHIS,3
ERIT,3
BERS,3
RIMS,3
IMSO,3
MSON,3
OOME,3
UROU,3
UNIN,3
INFL,3
OOTH,3
TUNE,3
LAMP,3
DULL,3
LEAF,3
TOSS,3
PALM,3
FTLY,3
IRME,3
LOTS,3
FLUE,3
LUEN,3
CREP,3
BANN,3
MORS,3
TALE,3
DEAS,3
OURI,3
ROOF,3
UMPS,3
LLER,3
HARE,3
INVO,3
NVOL,3
OLUN,3
LUNT,3
UNTA,3
VALL,3
ORMS,3
ASTL,3
ADEN,3
ETRA,3
EENS,3
OPER,3
RCEI,3
TINA,3
TACL,3
ACLE,3
NONE,3
ROOD,3
RGES,3
HALT,3
SAUN,3
OEVE,3
ELBO,3
LBOW,3
RCED,3
SUMP,3
UMPT,3
UILD,3
NTAI,3
REPA,3
EPAI,3
IETO,3
PIRI,3
NDSO,3
DSOM,3
VIAL,3
NSUO,3
SUOU,3
RVES,3
CEME,3
VICI,3
ICIN,3
CINI,3
NSIB,3
IBIL,3
TFOR,3
DOGS,3
UBTF,3
BTFU,3
GGLI,3
NTME,3
REDA,3
DALE,3
UBTE,3
CERN,3
BITC,3
TORA,3
EGAL,3
CHAS,3
APES,3
RNIT,3
NITU,3
ITUR,3
LLES,3
TENA,3
ENAN,3
BEAM,3
PETE,3
SCAN,3
TIAT,3
BISC,3
SCUI,3
OMPO,3
BURE,3
UREA,3
REAU,3
ESTO,3
NNUM,3
NUME,3
UMER,3
MERA,3
ODER,3
YONE,3
ECTO,3
RGON,3
RTIO,3
VOLV,3
BILL,3
IFTL,3
STAS,3
TUDI,3
UDIE,3
GASO,3
ASOL,3
VORC,3
MPHA,3
ATHO,3
ARLO,3
ERRA,3
DECL,3
EEDI,3
BORR,3
ESUM,3
EBRA,3
BRAT,3
WICH,3
SIMU,3
LTAN,3
TANE,3
ANEO,3
HAUS,3
ARIE,3
RTIF,3
SSAG,3
SILK,3
WRIT,3
RITE,3
ANDK,3
NDKE,3
DKER,3
KERC,3
ERCH,3
SCUS,3
CUSS,3
WHET,3
HETH,3
LOOD,3
ATHR,3
HROO,3
NELI,3
MOND,3
AMME,3
IDAY,3
FRUI,3
RUIT,3
RNIS,3
PIGS,3
KEYS,3
BEWI,3
RDIA,3
DRUM,3
GAUD,3
UNDS,3
LURC,3
LAYI,3
PILL,3
SWEL,3
OURA,3
URAG,3
LIGI,3
LLIE,3
LIES,3
ULES,3
ASSO,3
SSOC,3
OCIA,3
AMUS,3
MUSE,3
EMPL,3
MPLO,3
PREV,3
LANN,3
ONDS,3
INSU,3
SURA,3
EABO,3
NIED,3
NOWL,3
OWLE,3
LEDG,3
OSEL,3
WELC,3
ELCO,3
LCOM,3
SERS,3
GOWN,3
RIER,3
IXTY,3
GERM,3
SWIT,3
IASM,3
STIM,3
MONY,3
INSP,3
NSPI,3
RGRA,3
ONER,3
AMBL,3
TEFU,3
PRIA,3
CHOL,3
NELL,3
SCER,3
RINT,3
EPLA,3
LLAP,3
LAUD,3
SOBE,3
NDIV,3
IEVI,3
EVIN,3
URDE,3
STAG,3
BOWL,3
SCAL,3
OCAT,3
CANT,3
IVIS,3
NINT,3
INTH,3
INFA,3
NFAN,3
HTEE,3
FAVO,3
ELEG,3
MALI,3
NSTR,3
SWAM,3
AMPS,3
OMPR,3
PREH,3
XPER,3
OLLY,3
TOST,3
STOF,3
TOFF,3
TTRA,3
ONIN,3
NOWI,3
WORE,3
CRIS,3
ETRI,3
FAMO,3
NTIT,3
MORO,3
NOUS,3
NDIF,3
SYMP,3
YMPA,3
DISP,3
ABST,3
BSTR,3
ACEF,3
MELT,3
ELTE,3
CLUS,3
HUNT,3
LADE,3
CANC,3
EADL,3
ILLU,3
LUMI,3
UMIN,3
TUMU,3
UMUL,3
OCKI,3
ZZLE,3
ISHI,3
DANG,3
ORNS,3
SWAY,3
WAYI,3
ALML,3
LMLY,3
UTAT,3
ISOL,3
ERKS,3
MASH,3
TOES,3
CLUB,3
OOMI,3
IEST,3
LITA,3
THEA,3
OUTL,3
WISH,3
WITN,3
ITNE,3
OIDE,3
SHON,3
ENDU,3
NDUR,3
DURE,3
UNWI,3
NWIL,3
ALIN,3
SUBT,3
TERF,3
EEPL,3
ELIB,3
BERA,3
TENN,3
ERSP,3
RSPI,3
RYST,3
OLDS,3
UBTL,3
NSEN,3
CIVE,3
IVET,3
BUCK,3
FLIP,3
SMAY,3
FART,3
CHOE,3
GROS,3
ILLY,3
LEST,3
DUCK,3
INEV,3
NEVI,3
GLOR,3
MELO,3
ELOD,3
ADDI,3
BRIE,3
REPU,3
PUNC,3
SWOL,3
WOLL,3
SWAL,3
CHOK,3
EXTI,3
XTIN,3
WISE,3
RUBI,3
UBIE,3
BIES,3
HARA,3
CTER,3
TIGE,3
PILE,3
FASC,3
ASCI,3
SCIN,3
CINA,3
RCUL,3
OONS,3
LLET,3
LIDA,3
LIMO,3
NOST,3
OSTR,3
TRIL,3
PSED,3
GHBA,3
HBAL,3
ODED,3
BERI,3
NNEG,3
NEGT,3
EGTI,3
GTIO,3
TONS,3
YEAH,3
JERK,3
PLIE,3
FFEN,3
FAIT,3
AITH,3
EDNE,3
RTUN,3
JAIL,3
CTOB,3
TOBE,3
LAID,3
CERS,3
SITE,3
EANS,3
POMP,3
ARLS,3
VALU,3
ALUE,3
MONI,3
TRIP,3
BARA,3
CANN,3
RREG,3
NFUL,3
LAZI,3
HRUB,3
LIGE,3
JOUR,3
HFUL,3
CRUT,3
RUTI,3
EERI,3
SILL,3
ARES,3
ERDI,3
ELMI,3
LMIN,3
GICA,3
REDO,3
KILY,3
ESSU,3
UNDI,3
HROA,3
ROAT,3
ARKL,3
ODOR,3
PLUM,3
ERTO,3
VELL,3
EXER,3
XERC,3
RCIS,3
MEAS,3
NCEI,3
IVAB,3
RIPE,3
OBBE,3
BBED,3
MUFF,3
CHTI,3
OUDS,3
EWIN,3
EAKE,3
MATC,3
SAVE,3
OMMA,3
MMAN,3
FAUL,3
AULT,3
ERIS,3
MBIT,3
UNSU,3
NSUC,3
VAST,3
BLIV,3
IVIO,3
LUTH,3
HERA,3
SPIS,3
FIEL,3
ANSA,3
KAYE,3
LAMO,3
TRAV,3
NEER,3
LARL,3
XPLO,3
PLOD,3
TROT,3
NILE,3
UNDL,3
PERV,3
RVAD,3
MARV,3
RVEL,3
DICA,3
BRIT,3
SEPT,3
ARTS,3
STUC,3
TUCK,3
ULTI,3
PPAL,3
PALL,3
UMMI,3
OCKS,3
LIMB,3
ARME,3
ISTL,3
ARPE,3
GUIL,3
OVES,3
DADD,3
AWLE,3
AGEL,3
GELY,3
NDIS,3
INAB,3
KEEN,3
EENL,3
RITA,3
USTY,3
OORW,3
RWAY,3
WAVI,3
XPLI,3
RTAK,3
SWEA,3
JULE,3
ULEP,3
SPLA,3
LTIN,3
DOUS,3
TITI,3
OSTS,3
HINN,3
NQUE,3
SITO,3
NKET,3
NCOH,3
RTAB,3
WORT,3
ULTY,3
EASH,3
TTRE,3
EEDE,3
MESS,3
DVIC,2
UDGM,2
DGME,2
ETEC,2
UNKN,2
NKNO,2
FREQ,2
EIGN,2
CUPA,2
UPAT,2
OSTI,2
VITY,2
VELA,2
QUIV,2
UIVE,2
ORIZ,2
ERMS,2
IARI,2
UPPR,2
BBIS,2
BISH,2
BIRT,2
IRTH,2
TOLE,2
OLER,2
DMIS,2
RSHE,2
IOTO,2
OTOU,2
CURS,2
URSI,2
UNBR,2
NBRO,2
HEIG,2
TIVI,2
IVIT,2
RELA,2
ERAM,2
FOUL,2
ORAR,2
BORT,2
RTIV,2
ADIT,2
DUKE,2
CCLE,2
SUBS,2
UBST,2
BSTI,2
STIT,2
ITUT,2
SALE,2
RDWA,2
UNCL,2
NCLE,2
ANGS,2
ICIP,2
IPAT,2
IGRA,2
HORO,2
UGHL,2
HOOS,2
PREP,2
HOOL,2
LAYS,2
MANE,2
ANEN,2
MUTI,2
ARDB,2
RDBO,2
DBOA,2
NGAL,2
COOK,2
STOV,2
TOVE,2
NELY,2
ORIG,2
EEDO,2
BORH,2
ORHO,2
RHOO,2
RSTS,2
LUME,2
REDI,2
ESTM,2
HELF,2
MIDA,2
RGAN,2
IALI,2
XTEN,2
RTES,2
TESY,2
MEST,2
HEMI,2
EMIS,2
SPHE,2
OVAL,2
MBUS,2
MBLA,2
PETU,2
GULL,2
ULLS,2
ENON,2
SSIM,2
SIMI,2
TRAS,2
UEEZ,2
EZED,2
FTEE,2
CRES,2
INHA,2
NHAB,2
BITE,2
SORE,2
ERLO,2
RLOO,2
ONSO,2
PROX,2
ROXI,2
OXIM,2
XIMI,2
MITY,2
ONAI,2
NAIR,2
WERF,2
OOTB,2
OTBA,2
TBAL,2
ACUT,2
XCEL,2
SAVO,2
VORS,2
NRES,2
EREV,2
SEEK,2
ISTF,2
AMAT,2
INDY,2
RGIA,2
GIAN,2
OLON,2
FLEC,2
LEGS,2
URDY,2
RCIL,2
RROG,2
ROGA,2
OGAN,2
DOMI,2
EARA,2
ARAN,2
FEMI,2
HIDE,2
APAB,2
PABL,2
NVEY,2
SENI,2
OCIE,2
CIET,2
FULN,2
SUNK,2
TIDE,2
AJAR,2
FROS,2
ROST,2
OSTE,2
PLED,2
WINE,2
LLOO,2
PLIN,2
FLIG,2
WHIP,2
BOOM,2
IONL,2
ONLE,2
LOGY,2
ISTU,2
URBE,2
ARAL,2
PINE,2
RREL,2
EVAN,2
EXHI,2
ICIE,2
TUNN,2
SPEE,2
PEEC,2
MOUR,2
DENN,2
DEFT,2
SOFA,2
OTTO,2
CHEC,2
HECK,2
DERL,2
LANG,2
ANGU,2
UNSE,2
HURT,2
CUSI,2
BRUT,2
ECIM,2
CIME,2
OSSL,2
OBTR,2
BTRU,2
RUSI,2
NFES,2
FESS,2
LOUR,2
ODDA,2
DDAR,2
SUBM,2
UBME,2
BMER,2
GHTF,2
SADN,2
ADNE,2
VILY,2
NORD,2
RDIC,2
IMAL,2
INKE,2
ACEN,2
REGR,2
KENE,2
IRMA,2
TIRR,2
IRRI,2
RRIN,2
ARMT,2
RMTH,2
DEVO,2
ERTL,2
ASHA,2
CRUN,2
RUNC,2
SANG,2
MAST,2
LLIC,2
TRIG,2
RIGU,2
IGUI,2
GUIN,2
EEDL,2
EDLE,2
NDAS,2
TTEE,2
SINS,2
DAUG,2
BORN,2
ERYW,2
RYWH,2
SOPH,2
OPHI,2
NSIN,2
CERI,2
SMIR,2
MIRK,2
ERSH,2
RSHI,2
MURO,2
SOOT,2
LINT,2
SHEV,2
OFTL,2
OLDL,2
NFLU,2
REPT,2
DVIS,2
VISE,2
REMP,2
PTOR,2
ORIL,2
RROB,2
ROBO,2
OBOR,2
GOSS,2
SSIP,2
PUBL,2
UBLI,2
DEPR,2
EGOT,2
OADH,2
ADHO,2
DHOU,2
OOFS,2
YSID,2
SILH,2
ILHO,2
LHOU,2
HOUE,2
OUET,2
UETT,2
UNQU,2
RUNS,2
FARM,2
WHEA,2
NDEN,2
DIML,2
IMLY,2
DERY,2
AWLS,2
GHAS,2
MPEN,2
SPAS,2
PASM,2
ASMS,2
BLEA,2
IGAN,2
RETI,2
CTAC,2
EXIS,2
XIST,2
BORO,2
UEEN,2
DUMP,2
ENGE,2
ATTI,2
SOEV,2
TANK,2
BORD,2
FENC,2
ILDI,2
IGUO,2
GUOU,2
SHOP,2
UNPR,2
PROS,2
ROSP,2
OSPE,2
PERO,2
CROU,2
ROUC,2
WIPI,2
IPIN,2
BLON,2
LOND,2
IRIT,2
JOVI,2
OVIA,2
ORKI,2
OTST,2
TSTE,2
KISH,2
POTT,2
SMOU,2
MOUL,2
OARS,2
SHEN,2
VEIL,2
EILE,2
SCRA,2
SIBI,2
LATF,2
ATFO,2
CHOI,2
CABS,2
LSTE,2
SWUN,2
WUNG,2
PUPP,2
PPIE,2
PIES,2
EERE,2
INTM,2
BTED,2
DLED,2
HEEP,2
ERPO,2
CUTT,2
HTIL,2
KEES,2
DINI,2
TAPE,2
PEST,2
RSAI,2
AILL,2
ENLA,2
NLAR,2
COPI,2
SIMO,2
NDAL,2
ITIA,2
DECO,2
UCER,2
EANW,2
ANWH,2
NWHI,2
REAP,2
EAPP,2
ALIG,2
ACEL,2
LETS,2
JING,2
ETAR,2
SHAV,2
LATH,2
BONE,2
ECTF,2
ERYO,2
RYON,2
TIST,2
CHIF,2
HIFF,2
IFFO,2
FFON,2
SWEP,2
AUTE,2
EXPA,2
XPAN,2
PAND,2
OLVI,2
LVIN,2
NOIS,2
IVOT,2
LLAS,2
ADOR,2
ORAB,2
EJEC,2
PLIM,2
LIME,2
AISI,2
FEAT,2
EATU,2
FTLE,2
LOUN,2
NTAU,2
TAUK,2
NEPH,2
EPHE,2
PHEW,2
RBIN,2
BSCE,2
THOL,2
CARL,2
ECLA,2
VIGO,2
IGOR,2
ETIE,2
JANI,2
ANIT,2
NITO,2
ANDW,2
NDWI,2
DWIC,2
ICHE,2
STWA,2
TWAR,2
RKEN,2
KENI,2
NEXH,2
EXHA,2
XHAU,2
FACI,2
SUBW,2
UBWA,2
BWAY,2
CLEN,2
AWOK,2
DAZE,2
STRY,2
NDEL,2
GNIT,2
HEET,2
DERW,2
ERWE,2
RWEA,2
FOLI,2
CERY,2
ENNS,2
NNSY,2
NSYL,2
SYLV,2
YLVA,2
LVAN,2
ANIA,2
OTHS,2
ANES,2
CATA,2
FOAM,2
OLLS,2
AMPE,2
BRIS,2
RISK,2
ONDA,2
TOIL,2
UBBI,2
HAMM,2
MERS,2
RIDA,2
RAMI,2
AMID,2
CORP,2
RERS,2
GARN,2
ESIG,2
ASTR,2
BRAS,2
STOC,2
TOCK,2
MALE,2
SAXO,2
AXOP,2
XOPH,2
OPHO,2
NETS,2
RUMS,2
LONS,2
RIMA,2
LORS,2
OATI,2
ERME,2
NNUE,2
NUEN,2
UEND,2
PITC,2
ASIE,2
SIER,2
SPIL,2
OUPS,2
ISSO,2
SSOL,2
UTER,2
GLID,2
LIDE,2
OPAL,2
IZES,2
ADER,2
ERRO,2
RONE,2
OLLI,2
CCOR,2
ROBI,2
PLOY,2
LOYE,2
HONO,2
ONOR,2
COMB,2
MBIN,2
UNGR,2
CANS,2
NSUR,2
EREA,2
REAB,2
MAZE,2
ENIE,2
HEME,2
SLUN,2
OARI,2
OARE,2
IRIE,2
RGUE,2
DULI,2
ULIT,2
NARR,2
TIMO,2
DEGR,2
FUNC,2
GUAR,2
UARD,2
CTRO,2
OPIC,2
STEF,2
MELA,2
ELAN,2
HOLY,2
PANE,2
ANSP,2
RSEA,2
HELV,2
EELE,2
ELED,2
MPET,2
ASCE,2
URAB,2
ECTU,2
BONA,2
OOLE,2
OLED,2
ELAS,2
LISM,2
SNAT,2
NATC,2
LIAB,2
WERI,2
CLAU,2
VIDU,2
IDUA,2
BURD,2
BANJ,2
ANJO,2
SUNG,2
NOTO,2
ORIO,2
RALT,2
TUNT,2
IGGE,2
OWLS,2
RIAN,2
ALES,2
DRIP,2
LABL,2
LEME,2
BATT,2
TONG,2
ONGU,2
NGUE,2
HEDG,2
RARE,2
ISEL,2
SELY,2
FLOR,2
ORID,2
WAMP,2
UISI,2
EHEN,2
NCIA,2
OOLL,2
NOWH,2
OWHE,2
URBA,2
RBAN,2
BANE,2
VLAD,2
ADIM,2
IMIR,2
CARN,2
ENSA,2
NSAT,2
TANN,2
TRIM,2
RIMM,2
PUTT,2
SWOO,2
WOON,2
RTET,2
RISP,2
DOWE,2
RRAC,2
OBST,2
BSTE,2
HORU,2
ORUS,2
PLOR,2
TITY,2
RSED,2
HUMO,2
INOU,2
TACK,2
THIZ,2
SEES,2
REEM,2
PUTE,2
GERN,2
MAZI,2
RNEY,2
UNTY,2
SURI,2
ADLI,2
DLIG,2
ULTU,2
LTUO,2
DITC,2
ETAC,2
ACHM,2
CHME,2
OBSE,2
BSER,2
PATR,2
ATRO,2
YSTA,2
MMIT,2
LARA,2
USTA,2
NTAT,2
PARI,2
PUTA,2
AFER,2
FARE,2
RITT,2
ESME,2
OTAT,2
VACA,2
OTER,2
DISO,2
ISON,2
RRAY,2
RACY,2
DVEN,2
ITAR,2
HROB,2
ROBB,2
EATR,2
UTLI,2
LLIG,2
MIDS,2
IDSU,2
DSUM,2
PION,2
DIVE,2
ISHO,2
ESTY,2
ORKM,2
RKME,2
KMEN,2
STAC,2
PIRA,2
ACTF,2
EGRA,2
SCHE,2
HEDU,2
DULE,2
RALI,2
PAID,2
BTLE,2
BECK,2
VOLT,2
CHRY,2
HRYS,2
YSTI,2
STIE,2
BERT,2
BACH,2
EDGA,2
DGAR,2
COTT,2
ERBO,2
NEWA,2
RAMS,2
SNEL,2
WETT,2
RICE,2
BELU,2
ELUG,2
LUGA,2
CECI,2
ECIL,2
CHWA,2
MULD,2
ULDO,2
LDOO,2
DOON,2
ROMO,2
OMOT,2
LEGR,2
RRET,2
GAMB,2
FLUC,2
UCTU,2
AVAN,2
CKWE,2
WEED,2
NCIS,2
ROME,2
EWAR,2
HENR,2
ENRY,2
ENNY,2
ONSU,2
LODI,2
DIOU,2
CAPI,2
APIT,2
BREW,2
EWER,2
UCKS,2
IANC,2
DITA,2
LEGI,2
EGIO,2
GION,2
EPUT,2
RINC,2
LODY,2
DASH,2
IARL,2
LOSI,2
MIRA,2
NDSH,2
DSHI,2
RORE,2
NSER,2
RVAT,2
NDEC,2
CARA,2
CUSA,2
USAT,2
FLAV,2
LAVO,2
CEST,2
TORS,2
EWAY,2
HOKE,2
TALS,2
IEFL,2
EFLY,2
NAGE,2
IGER,2
BOIS,2
MMIS,2
LIEU,2
IEUT,2
EUTE,2
UTEN,2
ARGO,2
GUNS,2
GOVE,2
VERN,2
ERNM,2
RNME,2
CORA,2
BRAV,2
HENT,2
EGEN,2
GEND,2
SOUV,2
OUVE,2
UVEN,2
ENIR,2
LOAF,2
OAFI,2
AFIN,2
CRIC,2
CANA,2
OCEA,2
CEAN,2
SLUM,2
ALOO,2
SPAT,2
CYCL,2
YCLE,2
NGSI,2
GSID,2
GIRD,2
IRDE,2
LUMP,2
APED,2
NDID,2
EBAL,2
TERO,2
LUXU,2
UXUR,2
KATS,2
ATSP,2
TSPA,2
SPAU,2
PAUG,2
AMBU,2
MBUL,2
BULA,2
MORI,2
OMIL,2
OCUT,2
RILS,2
CULE,2
NSPE,2
RHAN,2
CUFF,2
ODDL,2
DDLY,2
VORY,2
MENS,2
NEDI,2
EDIC,2
DICT,2
EMNL,2
MNLY,2
UPPL,2
DEDN,2
ADST,2
DSTE,2
TAYL,2
AYLO,2
YLOR,2
MONO,2
ENGR,2
NGRO,2
LDIE,2
DIER,2
OOTE,2
MABL,2
ORLE,2
HIRE,2
LUED,2
DESM,2
RATU,2
TULA,2
GROP,2
OREH,2
EHEA,2
THOM,2
HOMA,2
AUGU,2
UGUS,2
HAMB,2
AMBE,2
AIDS,2
OREO,2
REOV,2
EOVE,2
FTIE,2
ARAB,2
COIN,2
OINC,2
NDOR,2
TOUG,2
RNEA,2
BUSY,2
NLIK,2
ORNF,2
RNFU,2
OSER,2
NSUL,2
CONE,2
FUMB,2
IGED,2
DILY,2
SOGG,2
OGGY,2
CUPS,2
EPLE,2
UDGI,2
CHFU,2
TINI,2
INIZ,2
HARR,2
FERD,2
RDIE,2
WEIG,2
ECLI,2
TELP,2
ELPI,2
LPIE,2
UCKI,2
CKIL,2
GIDL,2
PICA,2
IDIO,2
SMAS,2
NOVE,2
VEMB,2
MNES,2
ILDL,2
RUDE,2
CAUT,2
KANT,2
RIOD,2
OISE,2
EXUL,2
XULT,2
RREN,2
HUMI,2
INHE,2
NHER,2
RKLI,2
KLIN,2
QUIL,2
BLOS,2
OSSO,2
SSOM,2
ANTO,2
OOLR,2
OLRO,2
PAJA,2
AJAM,2
JAMA,2
TOUN,2
EETH,2
EIVA,2
ICKS,2
ISAR,2
SARR,2
IPES,2
ORMI,2
RRUG,2
RUGA,2
UGAT,2
SURF,2
URFA,2
RFAC,2
MPAR,2
MPAD,2
PADO,2
ADOU,2
DOUR,2
DETR,2
TROI,2
ROIT,2
ANIE,2
USER,2
BENC,2
PPIL,2
PILY,2
URER,2
EWIL,2
ILDE,2
LLUS,2
LUSI,2
DECK,2
ESHN,2
CHAL,2
ADJU,2
DJUS,2
FEVE,2
EVEA,2
VEAL,2
DABL,2
PIPE,2
NADA,2
AREE,2
REER,2
TORN,2
TUOL,2
UOLO,2
OLOM,2
LOME,2
OMEE,2
VULG,2
ULGA,2
LGAR,2
RICI,2
FOOD,2
FIER,2
IERC,2
RACI,2
RGIN,2
OWSI,2
WSIN,2
EMBR,2
OVID,2
MINN,2
NESO,2
ESOT,2
SOTA,2
MAYE,2
NSAC,2
SACT,2
URGI,2
COAS,2
BRAN,2
VAGA,2
AGAN,2
AILO,2
ILOR,2
ODIN,2
EDEN,2
MISC,2
SEBA,2
REVI,2
NADE,2
IMPU,2
ULSE,2
FFLY,2
ATIT,2
ITUD,2
TUDE,2
SOUL,2
OPPR,2
MMOT,2
ANTN,2
NTNE,2
VADI,2
INVA,2
NVAR,2
ARIA,2
RIAB,2
XPEN,2
VELO,2
EBRI,2
CERE,2
VION,2
GENI,2
ENIA,2
EFEN,2
AFFI,2
TTAI,2
HERD,2
OCES,2
PEBB,2
EBBL,2
MENA,2
DILA,2
ILAT,2
INCA,2
UNBE,2
NBEL,2
NCOU,2
ISMI,2
SMIS,2
ISHA,2
SHAB,2
HABL,2
WISP,2
NOPE,2
RADE,2
IGST,2
GSTY,2
BROI,2
IRTW,2
RTWA,2
TWAI,2
WAIS,2
AIST,2
HATS,2
GHIN,2
CARP,2
GAZE,2
DISL,2
ISLI,2
SLIK,2
LAUN,2
AUND,2
QUIS,2
EEDY,2
AGNA,2
ESHE,2
MORB,2
RBID,2
CRAC,2
BEGG,2
SHUF,2
HUFF,2
CURV,2
URVE,2
NOWA,2
OWAD,2
WADA,2
ADAY,2
NIZA,2
IZAB,2
ZABL,2
EEPE,2
EPER,2
EDIU,2
DIUM,2
UNSC,2
NSCR,2
CION,2
ILTY,2
RGIV,2
DISQ,2
ISQU,2
IETI,2
IOLA,2
MOKI,2
RLOR,2
RMIT,2
RABB,2
UNRO,2
NROL,2
LODE,2
RTEN,2
ENTO,2
HORD,2
ALLR,2
LLRO,2
CLAS,2
SULT,2
ETAI,2
STUP,2
TUPI,2
UPID,2
AUSI,2
SNEE,2
PRIG,2
OOLI,2
PREE,2
BUNC,2
PIDL,2
GRAI,2
PROU,2
ROUD,2
TROK,2
RLES,2
DIRT,2
COWA,2
AILI,2
GLAZ,2
IRML,2
RMLY,2
SEST,2
ERFL,2
WHIM,2
TOED,2
ANLY,2
IDOR,2
UTCH,2
EDOL,2
DOLE,2
NNIL,2
PISE,2
QUEA,2
APTA,2
HIDS,2
UNES,2
DATE,2
TIBU,2
IBUL,2
DRAI,2
UTHA,2
THAM,2
AMPT,2
PTON,2
IETE,2
LANA,2
ANAT,2
NNOT,2
ASTY,2
PTEM,2
TEMB,2
ASEL,2
ERLE,2
BITT,2
DRIZ,2
RIZZ,2
IZZL,2
MPRO,2
EMET,2
METE,2
GLOV,2
ADAP,2
DAPT,2
PRAW,2
USTR,2
WELR,2
ELRY,2
VULN,1
LNER,1
ICIZ,1
CIZI,1
NCLI,1
CTIM,1
VETE,1
ABNO,1
BNOR,1
UNJU,1
NJUS,1
CIAN,1
RIVY,1
IEFS,1
UNSO,1
NSOU,1
FEIG,1
PREO,1
REOC,1
EOCC,1
LEVI,1
RIZO,1
IZON,1
PLAG,1
LAGI,1
AGIA,1
GIAR,1
RVIN,1
FUND,1
NDAM,1
PARC,1
UNEQ,1
NEQU,1
EQUA,1
BOAS,1
MORA,1
XCUR,1
RSIO,1
EGED,1
PSES,1
EXEM,1
XEMP,1
UNAF,1
NAFF,1
REGI,1
EGIS,1
GIST,1
RTHQ,1
THQU,1
HQUA,1
QUAK,1
UAKE,1
FLAB,1
LABB,1
ABBY,1
NABI,1
ABIL,1
GIFT,1
PREY,1
REYE,1
RARI,1
UKES,1
BUCC,1
UCCL,1
CLEU,1
LEUC,1
EUCH,1
ANDF,1
NDFA,1
DFAT,1
TUTE,1
LESA,1
ESAL,1
ARDW,1
DWAR,1
BOIL,1
TURY,1
TEUT,1
EUTO,1
UTON,1
MIGR,1
OOSI,1
BUNG,1
UNGA,1
GALO,1
ALOW,1
INGT,1
NGTO,1
GTON,1
DODG,1
ODGE,1
WISD,1
ISDO,1
SDOM,1
UIDE,1
ATHF,1
THFI,1
HFIN,1
NFER,1
NVIC,1
HEAL,1
UMES,1
BANK,1
NFOL,1
RETS,1
IDAS,1
MORG,1
MAEC,1
AECE,1
CENA,1
ENAS,1
ERAR,1
DITO,1
EPIG,1
PIGR,1
EGGS,1
DOME,1
SALT,1
MISP,1
ISPH,1
BARN,1
ARNY,1
RNYA,1
NYAR,1
COLU,1
LUMB,1
UMBU,1
PERP,1
ERPE,1
ETUA,1
PHEN,1
HENO,1
ENOM,1
NOME,1
MENO,1
IMIL,1
MILA,1
SIZE,1
ERFI,1
RFIC,1
RAST,1
MITA,1
ANDY,1
SPAN,1
PANK,1
RTIA,1
GLIT,1
PLIS,1
LIMA,1
IMAX,1
PONI,1
ONIE,1
ESTF,1
EEKI,1
EKIN,1
DRAM,1
RAMA,1
LONI,1
NTUM,1
REFL,1
EFLE,1
FFEM,1
SWAN,1
WANK,1
LACI,1
ERAG,1
CRUE,1
RUEL,1
FRAC,1
VEYE,1
GUTS,1
ENIO,1
NIOR,1
SUNN,1
VIST,1
PUNG,1
SNUB,1
BUMP,1
ALLW,1
LLWA,1
AGIL,1
GILE,1
ILEL,1
LELY,1
FLAG,1
LAGS,1
ONAR,1
BUOY,1
UOYE,1
RUGS,1
DIVA,1
IVAN,1
NDEE,1
DEED,1
MURI,1
RALY,1
ALYZ,1
LYZE,1
YZED,1
WITT,1
ITTY,1
SURN,1
TOTT,1
AROS,1
XHIB,1
HIBI,1
IBIT,1
UFFI,1
RAWS,1
ONAT,1
OMPU,1
ULSI,1
LSIO,1
RETO,1
TTOM,1
EREC,1
CCEN,1
ADET,1
CIPR,1
IPRO,1
ROCA,1
WEDG,1
EDGI,1
UIDL,1
NSET,1
KERE,1
KNUC,1
NUCK,1
UCKL,1
RUTE,1
KIDD,1
IDDI,1
UNOB,1
NOBT,1
BANT,1
UNCI,1
NCIV,1
CORK,1
ORKY,1
CROP,1
PESS,1
IMIS,1
OLOU,1
EMPI,1
MPIR,1
GODD,1
UNTH,1
NTHO,1
HTFU,1
FERV,1
RVEN,1
ALIF,1
LIFO,1
FORN,1
RNIA,1
DICS,1
ITES,1
TESI,1
ESIM,1
SIMA,1
GRET,1
XTEM,1
PORI,1
RIZI,1
NAPK,1
APKI,1
PKIN,1
EVOI,1
SUBD,1
UBDU,1
BDUE,1
DUED,1
UNAS,1
NASH,1
LTOG,1
INGA,1
GALE,1
CUNA,1
UNAR,1
NARD,1
ARDY,1
DEAF,1
VELV,1
LVET,1
SEDA,1
EDAT,1
DATI,1
FEEB,1
EEBL,1
EBLY,1
BASI,1
ASIC,1
BUTO,1
UTOR,1
NINF,1
NFLE,1
ESTC,1
STCH,1
ROTO,1
RAVU,1
AVUR,1
VURE,1
HEVI,1
ANON,1
OSET,1
SETS,1
IRLH,1
RLHO,1
LHOO,1
IBEL,1
ANNS,1
DISG,1
ISGU,1
SGUS,1
NIBB,1
IBBL,1
GOTI,1
OTIS,1
TISM,1
NOUR,1
URIS,1
AYSI,1
OOLS,1
FROG,1
ROGS,1
PEPP,1
LEIS,1
EISU,1
ISUR,1
VENS,1
SEAW,1
EAWA,1
OINS,1
HRIN,1
AREA,1
DGES,1
ILLS,1
CHIM,1
HIMN,1
IMNE,1
MNEY,1
NEYS,1
ANSC,1
NSCE,1
CRUM,1
RUMB,1
SWAR,1
SPAD,1
PADE,1
ENET,1
NETR,1
TRAB,1
GIGA,1
INAS,1
ONEX,1
NEXI,1
OCUL,1
ULIS,1
FATT,1
INDN,1
NDNE,1
DIMM,1
RAWB,1
AWBR,1
WBRI,1
BARG,1
SENG,1
HOMS,1
OMSO,1
MSOE,1
MPAC,1
PACT,1
NTIG,1
TIGU,1
HOPS,1
NPRO,1
RITL,1
ITLE,1
ANAE,1
NAEM,1
AEMI,1
EMIC,1
ORKS,1
CKIS,1
IRTI,1
URPL,1
RPLU,1
PLUS,1
FLES,1
LESH,1
ACET,1
COAR,1
IEDL,1
AWNY,1
TORP,1
ORPE,1
RPED,1
PEDO,1
EDOE,1
MUSL,1
USLI,1
SLIN,1
LASK,1
RFUM,1
FUME,1
HOIN,1
UPHO,1
PHOL,1
HOLS,1
OLST,1
JOHN,1
CKEF,1
KEFE,1
EFEL,1
COWE,1
UPPI,1
NDET,1
WRIG,1
RIGG,1
IGGL,1
MIRI,1
UNDO,1
FOND,1
ONDL,1
PROO,1
RAPT,1
APTU,1
PTUR,1
FLOC,1
TERP,1
SLIC,1
OMEC,1
MECO,1
PURC,1
RCHA,1
BONN,1
NNET,1
OPIE,1
APAT,1
SAUC,1
AUCE,1
TWIC,1
WICE,1
HAZY,1
LTHO,1
MENC,1
RLDL,1
ICKY,1
PLEX,1
LEXI,1
EXIO,1
XION,1
ILKY,1
PLUC,1
UCKE,1
RAKI,1
AKIS,1
LIGN,1
IGNM,1
GNME,1
ELET,1
IETA,1
IMMO,1
MMOD,1
EEKB,1
EKBO,1
KBON,1
RGEM,1
CTOP,1
TOPL,1
LASM,1
PHED,1
TTIR,1
ERGO,1
ARKA,1
RKAB,1
HAUT,1
UTEU,1
TEUR,1
OISY,1
PIVO,1
MOKY,1
MINC,1
DICI,1
CITU,1
ITUS,1
EBER,1
BERH,1
RHAR,1
ARDT,1
DORA,1
REJE,1
DISD,1
ISDA,1
SDAI,1
DAIN,1
DERF,1
BRIL,1
LLIA,1
ODEL,1
DELL,1
INER,1
FLOU,1
TASY,1
PLYI,1
CHEF,1
HEFS,1
AWAI,1
FRAM,1
KAIS,1
WILH,1
ILHE,1
LHEL,1
RSEI,1
SEIL,1
EILL,1
GYPP,1
YPPE,1
DITE,1
RANE,1
ANEA,1
NEAN,1
GORO,1
KYKE,1
MBIG,1
BIGU,1
ASTW,1
TRID,1
OPES,1
CREC,1
RECY,1
EPEL,1
ASSA,1
RAYS,1
FIST,1
DRIE,1
LANS,1
USSI,1
OODY,1
TICL,1
ICLE,1
BLEE,1
LEED,1
LIER,1
CLAD,1
ORTF,1
RTFO,1
TFOL,1
OLIO,1
BEAS,1
ROOK,1
IBUN,1
BUNE,1
RAFT,1
SLIT,1
AQUA,1
QUAP,1
UAPL,1
APLA,1
ATAR,1
TARA,1
ACTS,1
ROYC,1
OYCE,1
OMNI,1
MNIB,1
NIBU,1
IBUS,1
SCAM,1
MOPS,1
CRUB,1
SHEA,1
FRID,1
CRAT,1
PYRA,1
YRAM,1
PULP,1
ULPL,1
HALV,1
ALVE,1
JUIC,1
UICE,1
THUM,1
HUMB,1
ORTN,1
RTNI,1
TNIG,1
ORPS,1
BUFF,1
FFET,1
OEUV,1
EUVR,1
UVRE,1
PICE,1
HAMS,1
SALA,1
ALAD,1
LADS,1
HARL,1
ARLE,1
RLEQ,1
LEQU,1
EQUI,1
TURK,1
URKE,1
RKEY,1
EWIT,1
UORS,1
FEMA,1
EMAL,1
PITF,1
ITFU,1
OBOE,1
BOES,1
TROM,1
ROMB,1
OMBO,1
MBON,1
IOLS,1
RNET,1
PICC,1
ICCO,1
CCOL,1
AUDY,1
PRIM,1
IMAR,1
MARY,1
SHAW,1
HAWL,1
RMEA,1
MEAT,1
RODI,1
ODIG,1
DIGA,1
IGAL,1
GALI,1
SWIF,1
WIFT,1
WEAV,1
JOYO,1
OYOU,1
YOUS,1
GYPS,1
YPSI,1
PSIE,1
SIES,1
FRIS,1
RISC,1
RRON,1
ONEO,1
GILD,1
ILDA,1
GRAY,1
RSTU,1
UCTE,1
BEHA,1
EHAV,1
AVIO,1
VIOR,1
USEM,1
OBIN,1
OYER,1
OMBI,1
BINA,1
MAJE,1
AJES,1
JEST,1
NELS,1
SWIR,1
WIRL,1
DDIE,1
DOTT,1
GONI,1
ONIZ,1
NIZI,1
EIRS,1
VEHE,1
EHEM,1
LUNK,1
UNNA,1
NNAT,1
POND,1
NALS,1
DYED,1
PREM,1
EMAT,1
MATU,1
ANIO,1
ACKA,1
CKAG,1
KAGE,1
CROI,1
ROIR,1
OIRI,1
GUED,1
ESCO,1
CORT,1
YIEL,1
RAMB,1
HOMO,1
OMOG,1
MOGE,1
OGEN,1
ENEI,1
EITY,1
TAID,1
NOBI,1
TRYS,1
RYSI,1
TROS,1
ROSC,1
OSCO,1
SCOP,1
INAP,1
GOTH,1
ANEL,1
CARV,1
NSPO,1
RUIN,1
EWHA,1
UNST,1
ETUO,1
EEDN,1
DURA,1
LEMM,1
EMME,1
OOKC,1
OKCA,1
KCAS,1
STOD,1
TODD,1
BELA,1
LASC,1
ASCO,1
UGHN,1
GHNE,1
RTUO,1
TRAP,1
RAPS,1
VACU,1
ACUO,1
CUOU,1
WINS,1
BIGG,1
ISEN,1
TRIA,1
IANG,1
CALE,1
TINN,1
INNY,1
NJOE,1
JOES,1
OWDY,1
HTES,1
ROVO,1
OVOC,1
VOCA,1
LLAB,1
JOYI,1
OYIN,1
ELEM,1
LULL,1
AINM,1
INME,1
TTAL,1
ALIO,1
XTER,1
PREJ,1
REJU,1
EJUD,1
JUDI,1
UDIC,1
DICE,1
REJO,1
EJOI,1
ORPU,1
RPUL,1
PULE,1
ACKG,1
CKGR,1
KGRO,1
TIMU,1
MULA,1
ISIA,1
SIAN,1
IANA,1
HENS,1
ONCR,1
IVAC,1
VACY,1
BASS,1
HOLA,1
OLAL,1
LALI,1
RNEG,1
NEGI,1
EGIE,1
CENS,1
ONCL,1
FRAT,1
UPPY,1
PPYI,1
PYIS,1
YISH,1
NVIV,1
IVIA,1
OONI,1
LAYF,1
AYFU,1
YFUL,1
TETS,1
ERHU,1
RHUN,1
STET,1
TETR,1
QUAN,1
UANT,1
INEP,1
NEPT,1
EPTL,1
SOBS,1
LYRI,1
YRIC,1
QUAV,1
UAVE,1
SOPR,1
OPRA,1
RANO,1
REEL,1
EELY,1
EYEL,1
YELA,1
INKY,1
RIVU,1
IVUL,1
VULE,1
ULET,1
VINO,1
ASUN,1
ACTR,1
CTRE,1
ESOR,1
TERV,1
RVAL,1
DIAM,1
IAMO,1
HISS,1
WAYW,1
AYWA,1
YWAR,1
CUPI,1
UPIE,1
PIED,1
DEPL,1
EPLO,1
LORA,1
IGHL,1
HIZI,1
ELFI,1
LFIS,1
EPIS,1
PISH,1
PITE,1
ALEV,1
LEVO,1
VOLE,1
EDIB,1
DIBI,1
ISPU,1
SPUT,1
KICK,1
SIGO,1
IGOU,1
GOUR,1
HOWA,1
SALU,1
ALUT,1
LOGI,1
OGIZ,1
GIZE,1
NJOI,1
PHIL,1
ILAD,1
ADEL,1
DELP,1
ELPH,1
LPHI,1
PHIA,1
LLUM,1
EURS,1
DANT,1
ISMO,1
RVER,1
PUZZ,1
UZZL,1
ZLED,1
HRUG,1
MECH,1
ECHA,1
HANI,1
NICS,1
BYST,1
SUIC,1
UICI,1
ICID,1
UCKY,1
RIMI,1
SUST,1
PAWI,1
OUTA,1
AMPU,1
MPUT,1
UPWA,1
PWAR,1
RWAU,1
WAUL,1
AULI,1
ULIN,1
RESC,1
WAFE,1
SURV,1
URVI,1
RVIV,1
DOWI,1
AREW,1
TRAR,1
ESTW,1
HASM,1
OBIT,1
BITY,1
LESM,1
SAUS,1
AUSA,1
USAG,1
POTA,1
TATO,1
ATOE,1
DEPA,1
ACAT,1
IETL,1
OMIE,1
MIES,1
IOTE,1
MELL,1
MADI,1
ADIS,1
MURR,1
URRA,1
TURO,1
HIDD,1
IDDE,1
LOIT,1
OITE,1
POIG,1
OIGN,1
ATRE,1
RICT,1
SINK,1
AXIS,1
UNHE,1
NHEA,1
JOKE,1
OKES,1
IGIB,1
GINI,1
HARI,1
AMPI,1
MPIO,1
CTAT,1
WARW,1
ARWI,1
RWIC,1
SEMI,1
OPOR,1
CADD,1
CLEV,1
SHRE,1
REWD,1
CODE,1
INCU,1
NCUR,1
CURA,1
ISAD,1
SADV,1
INGN,1
NGNE,1
GNES,1
BTER,1
RFUG,1
FUGE,1
UGES,1
INSO,1
ISFY,1
BLAM,1
LAME,1
GNIN,1
VIRT,1
IRTU,1
RTUE,1
TUES,1
KLED,1
DENB,1
ENBU,1
NBUR,1
CRYS,1
DISI,1
SINT,1
NTEG,1
TEGR,1
LEEC,1
ECHE,1
BUNS,1
WEBS,1
EBST,1
ORNB,1
RNBE,1
NBEA,1
OLTA,1
LTAI,1
ACKB,1
CKBU,1
KBUC,1
GOAT,1
HOSO,1
OSOE,1
MAYS,1
HUBE,1
UBER,1
AUER,1
UERB,1
ERBA,1
RBAC,1
BEAV,1
KNIC,1
KERB,1
RBOC,1
BOCK,1
ADLE,1
SCHR,1
CHRA,1
HRAE,1
RAED,1
EDER,1
ONEW,1
JACK,1
CKSO,1
KSON,1
ABRA,1
BRAM,1
ISHG,1
SHGU,1
HGUA,1
RIPL,1
IPLE,1
PLEY,1
ENIT,1
ITEN,1
TIAR,1
IARY,1
ULYS,1
LYSS,1
YSSE,1
SWET,1
ITEB,1
TEBA,1
EBAI,1
BAIT,1
MAUR,1
AURI,1
URIC,1
MERH,1
TOBA,1
OBAC,1
BACC,1
MULR,1
ULRE,1
ADYS,1
ROEB,1
OEBU,1
EBUC,1
HOEN,1
GULI,1
ULIC,1
SENA,1
ENAT,1
NATO,1
NEWT,1
EWTO,1
WTON,1
FILM,1
ILMS,1
ECKH,1
CKHA,1
KHAU,1
CLYD,1
LYDE,1
OHEN,1
SCHW,1
HWAR,1
WART,1
ARTZ,1
RTZE,1
RTHU,1
THUR,1
MCCA,1
CCAR,1
CART,1
CATL,1
ATLI,1
TLIP,1
BEMB,1
BERG,1
ERGS,1
FONT,1
TANO,1
JONG,1
LILL,1
ROFI,1
OFIT,1
FITA,1
ATRI,1
WAIZ,1
AIZE,1
HORA,1
ORAC,1
DONA,1
ONAV,1
NAVA,1
UCKW,1
KWEE,1
BULL,1
CHRO,1
HROM,1
ACKH,1
CKHY,1
KHYS,1
HYSS,1
YSSO,1
SSON,1
NNIC,1
RUSS,1
USSE,1
SSEL,1
RRIG,1
RIGA,1
GANS,1
KELL,1
LLEH,1
LEHE,1
EHER,1
WARS,1
SCUL,1
CULL,1
LLYS,1
BELC,1
ELCH,1
LCHE,1
IRKE,1
RKES,1
UINN,1
INNS,1
ALME,1
LMET,1
METT,1
ETTO,1
BENN,1
MCCL,1
LENA,1
ENAH,1
NAHA,1
AHAN,1
JAQU,1
AQUE,1
QUEL,1
UELI,1
NSUE,1
SUEL,1
UELA,1
JUDY,1
ODIO,1
DDIT,1
FAUS,1
ALBR,1
LBRU,1
BRUC,1
CKSB,1
KSBU,1
SBUR,1
RGER,1
HAAG,1
RDIT,1
FITZ,1
EWET,1
UDIA,1
OCKY,1
ASHB,1
SHBO,1
HBOA,1
ESOU,1
RCEF,1
ORML,1
RMLE,1
MLES,1
ORAD,1
ADIC,1
CTIL,1
TILI,1
CKEL,1
HATB,1
ATBO,1
TBOX,1
TOOL,1
LABY,1
ABYR,1
BYRI,1
YRIN,1
HIEL,1
YERS,1
UNFI,1
ARAM,1
AMEL,1
ELME,1
LMED,1
EVAS,1
VASI,1
VORE,1
BUTI,1
CISC,1
ULLI,1
HERW,1
ERWI,1
RWIS,1
RAJA,1
AJAH,1
ENIC,1
LLEC,1
MANA,1
ANAG,1
HREA,1
EADB,1
ADBA,1
DBAR,1
EVOK,1
VOKE,1
MAGE,1
SAWD,1
AWDU,1
WDUS,1
PORE,1
BOUL,1
OULO,1
ULOG,1
LOGN,1
OGNE,1
IXTE,1
XTEE,1
LEWI,1
EWIS,1
NSIG,1
GNIA,1
ECOR,1
ADRI,1
DRIA,1
HEND,1
HIZE,1
EGRI,1
GRIN,1
SKIM,1
KIMM,1
RIBB,1
IBBO,1
BBON,1
DANI,1
ANIL,1
NILO,1
NICO,1
ICOL,1
COLA,1
OLAS,1
VALO,1
RINI,1
QUAD,1
DORC,1
ORCA,1
RCAS,1
AZER,1
ZERS,1
RCHW,1
HWAY,1
KINS,1
FLAM,1
LAMI,1
ANAL,1
DEPT,1
EPTH,1
PTHS,1
GNAW,1
NAWI,1
KETI,1
NIRS,1
NTES,1
VERP,1
RPOP,1
ECTN,1
CTNE,1
BELT,1
COBB,1
OBBL,1
GILT,1
SCAT,1
CATT,1
RODE,1
SUGA,1
UGAR,1
OLFA,1
LFAC,1
ENSB,1
NSBO,1
SBOR,1
EAPE,1
SOMB,1
OMBE,1
KWEL,1
MODI,1
ODIS,1
GROE,1
ROES,1
YOLK,1
OLKS,1
YEBA,1
VALR,1
ALRY,1
FANN,1
HTNE,1
EROO,1
ROWT,1
OWTH,1
WTHS,1
XURI,1
URIA,1
HUTS,1
SOMN,1
OMNA,1
MNAM,1
NAMB,1
RESB,1
ESBY,1
SBYT,1
BYTE,1
YTER,1
NYMP,1
YMPH,1
MPHS,1
OODE,1
OSEN,1
NTHA,1
THAL,1
BAST,1
ASTA,1
TARD,1
DAYL,1
AYLI,1
YLIG,1
ELLY,1
TROC,1
ROCU,1
JUXT,1
UXTA,1
XTAP,1
TAPO,1
APOS,1
UCCU,1
CCUL,1
HASH,1
ATMO,1
TMOS,1
MOSP,1
OSPH,1
ICAC,1
CACY,1
ETED,1
DERH,1
RTSW,1
TSWO,1
SWOM,1
EGES,1
ATIF,1
MOLA,1
OLAR,1
LEEV,1
EEVE,1
EVES,1
UTST,1
TSTA,1
ENIZ,1
IZEN,1
NTIS,1
BLER,1
TAGG,1
URGL,1
RGLA,1
SMAR,1
MART,1
PAYI,1
FURI,1
PIER,1
NOBS,1
SKIR,1
KIRT,1
ONOP,1
NOPO,1
OLIZ,1
NYWA,1
YWAY,1
CURB,1
NDAG,1
DAGE,1
EAUX,1
ANYO,1
NYON,1
ACKI,1
IERS,1
DEBU,1
EBUT,1
FEBR,1
EBRU,1
BRUA,1
RUAR,1
UARY,1
SUMA,1
UMAB,1
RLEA,1
SEEL,1
EELB,1
ELBA,1
LBAC,1
ESMA,1
SMAI,1
IDAL,1
MONK,1
ONKE,1
NKEY,1
SAUT,1
ATUL,1
WHOE,1
HOEV,1
SOAP,1
RITS,1
AMMO,1
ASIL,1
SILY,1
NFAT,1
OMAB,1
BERM,1
RMAI,1
APRI,1
PRIL,1
DEAU,1
EAUV,1
AUVI,1
UVIL,1
ICTO,1
SHEI,1
HEIK,1
RABY,1
REEP,1
ELIV,1
WOMB,1
ODES,1
NSED,1
TARL,1
ARLI,1
RLIG,1
ASKI,1
DIPP,1
RSAL,1
RSUI,1
SUIN,1
FACA,1
ACAD,1
DISE,1
EMBO,1
MBOD,1
BODI,1
ODIE,1
RNIC,1
NINS,1
SULA,1
ONGA,1
NGAT,1
INTS,1
ADSI,1
DSID,1
ROUT,1
SARD,1
RKER,1
PANS,1
ANSE,1
IDEL,1
CTLE,1
REND,1
HOIC,1
SHYI,1
HYIN,1
HOPI,1
UDIL,1
AINC,1
NCOA,1
DRAG,1
AGGI,1
GGIN,1
MOWE,1
LEYS,1
EENH,1
ENHO,1
NHOU,1
ECEP,1
EPTA,1
PTAC,1
ACHF,1
TESS,1
ACAN,1
CLAY,1
CONO,1
ONOM,1
NOMI,1
OMIC,1
MICS,1
LSEW,1
SEWH,1
LILA,1
ILAC,1
NERE,1
XHIL,1
ACKR,1
CKRE,1
KREN,1
PUDD,1
UDDL,1
HOKI,1
RECL,1
LINI,1
RFEI,1
FEIT,1
DEFU,1
EFUN,1
TRAU,1
RAUG,1
TILT,1
GERO,1
ROPI,1
MONP,1
ONPL,1
NPLA,1
DIOT,1
IOTI,1
DEMO,1
NIAC,1
ALMN,1
LMNE,1
ETTA,1
TTAB,1
RCUI,1
KNOT,1
NOTT,1
FABR,1
ABRI,1
MUDD,1
UDDY,1
REHI,1
EHIS,1
ORIC,1
STEE,1
TEEP,1
RAZE,1
TAXE,1
AXES,1
BORI,1
ORIN,1
OTTA,1
TTAG,1
WNER,1
HATC,1
FUSA,1
USAL,1
SERF,1
ERFS,1
PEAS,1
SPOO,1
POON,1
OONF,1
USTS,1
SMEA,1
MEAR,1
ONFO,1
NFOU,1
LTAT,1
RECU,1
RIEV,1
UMIL,1
LIAT,1
OPOS,1
MURS,1
FEUD,1
EUDA,1
UDAL,1
JONQ,1
ONQU,1
UILS,1
FROT,1
OTHY,1
HAWT,1
AWTH,1
WTHO,1
SOMS,1
MARI,1
NTOI,1
TOIN,1
NETT,1
MERT,1
RTON,1
SWAT,1
WATH,1
TRUD,1
RUDI,1
HEVE,1
AMAS,1
NGRI,1
GRIL,1
HART,1
ARTR,1
RTRE,1
TREU,1
REUS,1
EUSE,1
CUPB,1
UPBO,1
PBOA,1
REVA,1
EVAL,1
OPPL,1
ILET,1
PURE,1
SMOO,1
MOOT,1
NNIE,1
SONI,1
NSUM,1
TEET,1
ERWO,1
RWOU,1
WOUN,1
CABI,1
ABIN,1
BINE,1
BUYS,1
SCRO,1
CROL,1
APPL,1
ONOG,1
NOGR,1
NDIA,1
TORM,1
RMIL,1
SOBB,1
URNS,1
ELDE,1
DORE,1
CLIP,1
ILLO,1
OAMY,1
ANTY,1
SNEA,1
NEAK,1
NEBU,1
EBUL,1
BULO,1
THUN,1
UNGI,1
DERM,1
RMEN,1
ECKI,1
AUDA,1
UDAB,1
NDOM,1
RGRO,1
ANAD,1
RETL,1
DAKO,1
AKOT,1
KOTA,1
GALL,1
ECIF,1
CIFI,1
SIDI,1
ATON,1
ERET,1
ITHF,1
THFU,1
DIGG,1
SALM,1
LMON,1
LAZY,1
SPOI,1
POIL,1
VIRG,1
IRGI,1
IGNO,1
GNOR,1
NORA,1
HYST,1
SORP,1
ORPT,1
RPTI,1
CEIT,1
EITS,1
INEF,1
NEFF,1
EFFA,1
FFAB,1
FABL,1
SPUN,1
SOAK,1
OAKE,1
PATT,1
FANC,1
MBRA,1
TLET,1
AIRY,1
LORY,1
OLAF,1
HERN,1
PISI,1
NEVA,1
EVAD,1
VADA,1
YUKO,1
UKON,1
TANA,1
COPP,1
ROBU,1
OBUS,1
AMIF,1
MIFI,1
WEAK,1
EAKN,1
AKNE,1
TURG,1
RGID,1
GLAM,1
DULU,1
ULUT,1
NDIE,1
BARY,1
STEW,1
TEWA,1
SKIP,1
KIPP,1
RETA,1
LAVI,1
AVIS,1
VISH,1
EPOS,1
BOST,1
INHO,1
NHOS,1
ORTR,1
RTRA,1
RAIT,1
ONEE,1
DEBA,1
EBAU,1
BAUC,1
AUCH,1
SEAB,1
ABOA,1
NTIE,1
TIER,1
NDIR,1
EGAC,1
GACY,1
EVIC,1
NGUL,1
BSTA,1
NTEC,1
TECE,1
OTTI,1
INGR,1
NGRA,1
ATIA,1
ENIL,1
RSEB,1
EBAC,1
EVIO,1
MONA,1
ONAD,1
IONI,1
OLIA,1
LIAG,1
VERC,1
ERCO,1
RCOA,1
PERT,1
ERTU,1
RTUR,1
ROFU,1
OFUS,1
KEYE,1
RSHN,1
SADD,1
USTM,1
ELOU,1
ROAM,1
OAME,1
HITH,1
HERT,1
ONIO,1
NIOU,1
VATI,1
TCHF,1
PENC,1
NCIL,1
TIPS,1
IPSY,1
UIRY,1
LETH,1
ETHA,1
THAR,1
HARG,1
ARGI,1
RGIC,1
FFIR,1
EEDS,1
TOOP,1
LTIM,1
NARG,1
RGUA,1
GUAB,1
UABL,1
NPRE,1
BEGO,1
CHAF,1
HAFE,1
AFED,1
EUPH,1
UPHE,1
PHEM,1
MISM,1
ISMS,1
FATE,1
ERDE,1
BITA,1
VOLL,1
LEYI,1
EYIN,1
OUGE,1
UGED,1
NEWL,1
EWLY,1
ENAG,1
HAZE,1
THMI,1
HMIC,1
ALTZ,1
UALN,1
ALNE,1
TOTA,1
OTAL,1
NCAL,1
CALC,1
ALCU,1
LCUL,1
ULAB,1
IEVA,1
EVAB,1
ENCO,1
BLOT,1
UNWA,1
NWAV,1
EVOT,1
VOTI,1
EXAL,1
XALT,1
UNIM,1
NIMP,1
BLIT,1
RIND,1
ISCA,1
LURK,1
URKI,1
NEDL,1
LOVI,1
ISOR,1
SORD,1
HUMM,1
LADD,1
DDER,1
IMBE,1
MBED,1
SUCK,1
GULP,1
ROMP,1
FORK,1
NCAR,1
ARNA,1
RNAT,1
ELUS,1
GHES,1
MALC,1
ALCH,1
LCHI,1
CHIO,1
SULK,1
LKIL,1
LLAI,1
AINO,1
UINT,1
GRUD,1
RUDG,1
UDEL,1
DELY,1
SLAM,1
LAMM,1
BRIB,1
ARAV,1
VANS,1
NSAR,1
ROVA,1
ROIL,1
OILI,1
RMES,1
SIMM,1
OMBU,1
EARY,1
XTRE,1
UCTO,1
MUTA,1
UTHP,1
THPI,1
HPIE,1
AFFR,1
FFRO,1
AWNI,1
IDOL,1
DOLS,1
IGHI,1
FANS,1
OMAS,1
HLET,1
BOSO,1
OSOM,1
NOYA,1
OYAN,1
YANC,1
LIGA,1
FLUN,1
CLOG,1
IREP,1
ILTI,1
LTIL,1
ESHL,1
CROO,1
ROON,1
LINQ,1
ROOT,1
SHYL,1
HYLY,1
LOWY,1
WRIN,1
PAMM,1
AMMY,1
ISCI,1
SCIP,1
CIPL,1
IPLI,1
CEDI,1
CKEY,1
HOTT,1
EEMS,1
TAGN,1
OSEB,1
SEBE,1
EBED,1
BEDS,1
LLOP,1
LOPE,1
ISLE,1
SLES,1
ULDI,1
NSEL,1
FUSS,1
FFLI,1
CYMB,1
YMBA,1
MBAL,1
BALS,1
CAPE,1
OIST,1
GAUG,1
AUGE,1
RCUS,1
GEAR,1
RTOO,1
THEO,1
HEOR,1
EORE,1
ORET,1
ABYS,1
BYSS,1
ELPF,1
LPFU,1
PFUL,1
MEXI,1
EXIC,1
XICO,1
SNOR,1
RRIT,1
FADI,1
BAKI,1
CREW,1
EWED,1
HADI,1
FLUR,1
RSHL,1
ELEN,1
LLEL,1
IGEN,1
GIVA,1
DEVE,1
ELOP,1
LOPI,1
JEAL,1
EALO,1
NVIO,1
CIPI,1
IPIT,1
CCEL,1
ELER,1
RATO,1
SPID,1
PIDE,1
ASYG,1
SYGO,1
YGOI,1
TIET,1
IETH,1
VERR,1
RRIP,1
GNAL,1
RSIN,1
TRAF,1
RAFF,1
DART,1
GAGI,1
PARL,1
PROL,1
ROLO,1
UDES,1
IMBI,1
SNAK,1
NAKE,1
BAFF,1
AFFL,1
TIFL,1
IFLI,1
FIXI,1
IXIN,1
XING,1
CRAB,1
ABBI,1
NAIL,1
DELS,1
ELSS,1
LSSO,1
SSOH,1
SOHN,1
MARC,1
SSEE,1
RREV,1
MEMP,1
EMPH,1
MPHI,1
ALUM,1
INUM,1
BUMM,1
ATTO,1
TTOO,1
RSIT,1
RENE,1
ENEW,1
WALS,1
TUTI,1
VERB,1
RBOA,1
RMAR,1
GIBB,1
IBBE,1
MPTE,1
PETI,1
ETIT,1
IRMN,1
RMNE,1
ARTA,1
VICA,1
ICAR,1
CARI,1
LERG,1
ERGY,1
RGYM,1
GYMA,1
YMAN,1
UNLE,1
OLTI,1
OCTA,1
CTAV,1
TAVE,1
PEAL,1
KAPI,1
APIO,1
PIOL,1
OLAN,1
LANI,1
UFFO,1
FFOC,1
FOCA,1
ANCO,1
PITI,1
ITIF,1
AFFO,1
NONS,1
DLER,1
TEAL,1
ADIL,1
ALCO,1
LCOH,1
COHO,1
OHOL,1
LAWS,1
HUTT,1
RRIF,1
RIFI,1
BABB,1
ABBL,1
DENY,1
ENYI,1
NYIN,1
FOUG,1
MAGN,1
NANI,1
ANIM,1
NIMO,1
FLIR,1
LIRT,1
IRTA,1
RTAT,1
PITY,1
UNOP,1
RTHD,1
THDA,1
HDAY,1
ENAC,1
NACI,1
UGHI,1
OREI,1
REIG,1
ATHY,1
MITS,1
AZIL,1
ZILY,1
RMID,1
IDAB,1
REEK,1
NCIP,1
IPAL,1
SLEP,1
LEPT,1
ERSU,1
RSUA,1
SUAD,1
UADE,1
BORS,1
REEA,1
EEAB,1
EABL,1
LORL,1
OUTI,1
KNEL,1
NELT,1
LOOS,1
FLAP,1
ARER,1
MOAN,1
THRU,1
HRUS,1
EXPO,1
XPOS,1
STUL,1
TORC,1
ORCY,1
RCYC,1
HOED,1
HRES,1
ESHO,1
SHOL,1
OORP,1
ORPO,1
TOPU,1
OPUS,1
HASN,1
UFFN,1
FFNE,1
FNES,1
NEES,1
UPRI,1
RUCU,1
UCUL,1
OIDI,1
VERF,1
RFLO,1
HIMP,1
STLI,1
ISPO,1
SPOS,1
BUSH,1
WEIR,1
EIRD,1
MINO,1
INOS,1
NOSI,1
WINC,1
RUTA,1
UTAL,1
ESTN,1
STNE,1
IMAC,1
MACY,1
ONSP,1
SACR,1
REDN,1
EAVY,1
DEJE,1
WANL,1
PAVI,1
UMID,1
MIDO,1
ATLA,1
TLAN,1
LANT,1
NTRE,1
CLUT,1
LUTC,1
ALIC,1
GANZ,1
ANZA,1
ACKN,1
CKNO,1
DGED,1
NREV,1
ISCE,1
ERNI,1
RNIB,1
NIBL,1
ARBE,1
SIRA,1
IRAB,1
VITI,1
RRID,1
RIDO,1
DORS,1
MANC,1
VIBR,1
CLOA,1
LOAK,1
VENO,1
CRUP,1
RUPU,1
UPUL,1
PULO,1
FALS,1
ALSE,1
NSES,1
NTOM,1
ATUM,1
ACIL,1
BETR,1
RAYE,1
XURY,1
UEAK,1
USKI,1
SKIE,1
KIER,1
MPRI,1
RISO,1
ABRO,1
RANQ,1
ANQU,1
NARI,1
CAPT,1
PTAI,1
JORI,1
MISU,1
ISUN,1
STIV,1
OPEL,1
PELE,1
BEAL,1
LUES,1
PETA,1
DYIN,1
CRYI,1
LESO,1
ESOM,1
BULK,1
KINE,1
IRDS,1
ENGI,1
RPER,1
ESUL,1
EVIS,1
VADE,1
COAC,1
RMER,1
LOGE,1
GETI,1
CAHO,1
AHOO,1
HOOT,1
NCOR,1
QUOT,1
UOTA,1
SWIV,1
INTY,1
TELS,1
LUBS,1
HEMP,1
EMPS,1
MPST,1
PSTE,1
EXAS,1
XASP,1
POTS,1
GARR,1
ARRU,1
RRUL,1
RULO,1
HIEV,1
EVEM,1
UNAB,1
ULAN,1
NTOL,1
LURT,1
BRUI,1
RUIS,1
UISE,1
LINC,1
INCH,1
CLUM,1
LUMS,1
UMSY,1
BEET,1
ETLE,1
THUD,1
HUDD,1
UDDI,1
AIDE,1
YEST,1
TERD,1
ERDA,1
TISS,1
MURD,1
FORL,1
ORLO,1
LORN,1
ATEF,1
ORIS,1
TREN,1
RENG,1
UIRI,1
PNEU,1
NEUM,1
EUMA,1
UMAT,1
RUCT,1
PRIC,1
RTUI,1
TUIT,1
UITO,1
ITOU,1
LIDI,1
MORP,1
ORPH,1
RPHO,1
PHOU,1
HOTS,1
HOLO,1
OLOC,1
OCAU,1
DRIL,1
GHTM,1
HTMA,1
TMAR,1
MARE,1
PASQ,1
ASQU,1
UINA,1
INAD,1
CORO,1
ORON,1
ISCH,1
SCHI,1
ATAS,1
ROPH,1
OPHE,1
SURM,1
URMI,1
BAGG,1
AGGA,1
GGAG,1
RUNG,1
UNMO,1
NMOV,1
UNLO,1
NLOC,1
TOKE,1
RFLU,1
FLUO,1
LUOU,1
IDAR,1
DARI,1
TIED,1
TRUL,1
RULY,1
DEND,1
ENDA,1
SLAG,1
LAGL,1
AGLE,1
LAMA,1
QUAW,1
UAWK,1
OSTP,1
STPO,1
TPON,1
PONE,1
BUND,1
ULST,1
INUO,1
NUOU,1
UMBR,1
MBRE,1
BREL,1
RELL,1
PARS,1
UNPU,1
NPUN,1
NCTU,1
MBRO,1
ROID,1
RLET,1
IFFL,1
HTSE,1
TSEE,1
TAYI,1
EENW,1
ENWI,1
NWIC,1
PICN,1
ICNI,1
CNIC,1
EJAC,1
JACU,1
ACUL,1
SWAS,1
STIK,1
TIKA,1
VAIN,1
RTIT,1
EWES,1
WESS,1
ROSA,1
OSAR,1
UNEL,1
NELE,1
STEL,1
LDED,1
ICKA,1
CKAN,1
ARKI,1
MEDA,1
DALS,1
INEB,1
NEBR,1
EBRE,1
BREN,1
RENN,1
GUTT,1
MANL,1
CLIE,1
LIEN,1
ALBA,1
LBAN,1
BANY,1
BULB,1
ULBO,1
LBOU,1
BOUS,1
ARTN,1
RTNE,1
TNER,1
HOWN,1
NERO,1
HOPA,1
PALO,1
CASS,1
SSID,1
SIDY,1
UMBB,1
MBBE,1
BBEL,1
BASE,1
ASEB,1
ELOC,1
LOCU,1
CUTI,1
POIS,1
SHAF,1
HAFT,1
CIPH,1
IPHE,1
OKEI,1
KEIN,1
CHEW,1
HEWI,1
OSTM,1
TMAN,1
OTEC,1
ENTM,1
AGGL,1
UNIO,1
ECEM,1
CEMB,1
YETI,1
FROZ,1
ROZE,1
ORDW,1
SEYS,1
SCHU,1
CHUL,1
HULT,1
ULTZ,1
LTZE,1
TZES,1
LASP,1
MURK,1
URKY,1
MILW,1
ILWA,1
LWAU,1
WAUK,1
AUKE,1
UKEE,1
PAUL,1
WISC,1
PRAI,1
RAIR,1
SWED,1
WEDE,1
SLEI,1
LEIG,1
OSTY,1
DWEL,1
EFIC,1
BTLY,1
UNAD,1
PTAB,1
IORI,1
AWLI,1
WLIN,1
OHIO,1
GREC,1
SULL,1
TREL,1
OREG,1
RKLE,1
KLES,1
NDRY,1
AWKW,1
WKWA,1
TINT,1
DIZZ,1
IZZY,1
HTFO,1
RFER,1
APTI,1
GRAB,1
ABBE,1
FERI,1
IDEB,1
DEBO,1
EBOA,1
ETRE,1
CKLA,1
KLAC,1
UEAM,1
AMIS,1
MISH,1
ISHN,1
DAZZ,1
AZZL,1
ZZLI,1
ZLIN,1
VIDL,1
TRUN,1
AILU,1
ILUR,1
LURE,1
ERAS,1
DOWY,1
ERRY,1
RRYB,1
YBOA,1
DUTC,1
AEST,1
ESTH,1
STHE,1
URAT,1
OODI,1
EPUB,1
BLIC,1
RGAS,1
GAST,1
EDES,1